age,gender,education_level,experience_years,pevious_companies,distance_from_company,interview_score,skill_score,personality_score,recruitment_strategy,hiring_decision
26,Male,Bachelor's (Type 2),0,3,26.78382755385365,48,78,91,Aggressive,Selected
39,Male,PhD,12,3,25.8626943295439,35,68,80,Moderate,Selected
48,Female,Bachelor's (Type 2),3,2,9.920804828174788,20,67,13,Moderate,Not Selected
34,Male,Bachelor's (Type 2),5,2,6.407750728667837,36,27,70,Constructive,Not Selected
30,Female,Bachelor's (Type 1),6,1,43.10534312417558,23,52,85,Moderate,Not Selected
27,Female,Master's,14,4,31.706658809375902,54,50,50,Aggressive,Selected
48,Female,Bachelor's (Type 2),6,1,17.291229200972435,24,52,64,Constructive,Not Selected
40,Female,PhD,13,3,10.586810869513323,6,3,92,Constructive,Not Selected
26,Male,Master's,6,5,28.77486400848157,80,78,51,Aggressive,Selected
45,Male,Bachelor's (Type 2),2,5,30.195964463056768,92,16,94,Constructive,Not Selected
38,Male,Bachelor's (Type 1),15,2,11.349680062252908,93,66,29,Moderate,Not Selected
42,Female,Master's,5,5,43.5702873945737,70,73,56,Moderate,Not Selected
30,Female,Master's,12,5,5.2132183077925545,96,46,78,Constructive,Selected
30,Female,Bachelor's (Type 1),7,5,18.804654258321083,70,55,81,Moderate,Not Selected
43,Male,Bachelor's (Type 2),3,3,35.019220688126104,23,22,98,Aggressive,Not Selected
40,Female,Master's,12,5,14.706018190960034,10,17,29,Moderate,Not Selected
23,Male,Bachelor's (Type 1),7,5,42.38375973906359,72,0,97,Moderate,Not Selected
27,Male,PhD,1,5,37.993391330020174,11,34,41,Aggressive,Not Selected
43,Male,Bachelor's (Type 2),14,1,40.45114222740671,34,63,10,Moderate,Not Selected
22,Male,Bachelor's (Type 1),9,3,6.955326793835813,62,57,26,Moderate,Not Selected
41,Male,Master's,8,2,8.027356399777146,67,94,23,Moderate,Not Selected
40,Male,Bachelor's (Type 2),8,1,15.32368688722918,99,58,98,Moderate,Selected
21,Female,Bachelor's (Type 2),7,4,26.903858259878053,91,0,38,Constructive,Not Selected
43,Female,Bachelor's (Type 1),9,3,38.40080383497012,56,2,71,Moderate,Not Selected
31,Male,Bachelor's (Type 1),13,3,42.82654453804518,12,66,17,Moderate,Not Selected
49,Male,Bachelor's (Type 2),12,4,36.21676579785903,22,36,76,Aggressive,Selected
25,Female,Bachelor's (Type 2),9,4,47.42984407653192,82,82,44,Moderate,Not Selected
21,Male,Bachelor's (Type 2),0,4,37.93717548079651,100,28,87,Constructive,Not Selected
47,Male,Master's,1,2,16.313394350230737,38,88,86,Moderate,Not Selected
40,Female,Bachelor's (Type 2),5,5,14.25406421692863,87,32,11,Moderate,Not Selected
20,Male,Bachelor's (Type 1),9,3,35.80962251505449,79,99,48,Moderate,Not Selected
31,Male,Bachelor's (Type 2),4,5,10.643528434480714,96,60,93,Moderate,Not Selected
45,Male,PhD,11,5,5.635740540513495,11,92,30,Aggressive,Selected
41,Female,Master's,13,4,27.61114374280969,33,89,91,Constructive,Selected
48,Female,Bachelor's (Type 2),8,2,42.082078488947765,70,3,21,Aggressive,Not Selected
31,Female,Bachelor's (Type 2),4,1,6.068992123493176,74,13,43,Moderate,Not Selected
44,Male,Bachelor's (Type 2),1,2,40.59456618978646,30,90,91,Moderate,Not Selected
36,Male,Master's,9,5,41.5786002175774,92,32,63,Moderate,Selected
46,Female,Master's,3,2,25.113700004077177,61,21,76,Aggressive,Selected
46,Male,Bachelor's (Type 2),8,4,3.865515500524341,12,47,24,Moderate,Not Selected
50,Male,Master's,0,1,9.72949256235932,30,2,50,Aggressive,Not Selected
29,Male,Master's,10,4,36.37131375809662,1,86,6,Aggressive,Selected
47,Male,Bachelor's (Type 1),0,1,36.58889724954747,14,84,5,Moderate,Not Selected
47,Male,Bachelor's (Type 2),11,5,45.91776375838327,56,22,23,Moderate,Not Selected
35,Female,Bachelor's (Type 1),6,1,30.134307327729143,74,67,18,Aggressive,Selected
34,Male,Bachelor's (Type 2),10,1,7.205368385688869,33,20,82,Aggressive,Selected
49,Female,Master's,2,1,7.070745275248607,67,100,99,Constructive,Not Selected
49,Male,Bachelor's (Type 2),9,2,37.05661786784118,74,42,8,Constructive,Not Selected
34,Female,Bachelor's (Type 2),1,2,10.189233255395058,28,94,35,Aggressive,Not Selected
49,Male,Bachelor's (Type 1),8,5,17.419274980830266,65,84,39,Moderate,Not Selected
38,Female,Bachelor's (Type 2),2,1,25.36060034609569,15,25,92,Moderate,Not Selected
31,Male,Bachelor's (Type 2),15,3,2.23824387880756,38,40,23,Moderate,Not Selected
42,Female,Bachelor's (Type 2),1,5,13.440951350996594,76,98,47,Constructive,Not Selected
39,Male,Bachelor's (Type 2),11,1,21.394480425364,36,37,62,Aggressive,Selected
44,Female,Bachelor's (Type 2),7,1,14.981815924660312,80,87,68,Moderate,Selected
22,Male,Bachelor's (Type 2),9,2,7.818516373378292,20,10,52,Moderate,Not Selected
24,Female,Bachelor's (Type 1),5,5,37.40061288980987,43,28,53,Moderate,Not Selected
38,Female,Bachelor's (Type 1),5,1,41.65738275839925,18,59,41,Moderate,Not Selected
26,Male,Bachelor's (Type 2),9,1,13.873948807186242,70,66,44,Constructive,Not Selected
40,Male,Bachelor's (Type 2),10,5,39.72097473031516,7,64,89,Aggressive,Selected
28,Female,Bachelor's (Type 2),6,3,20.27767822006569,76,60,13,Aggressive,Selected
26,Male,Bachelor's (Type 2),6,5,26.33428954270014,100,18,28,Aggressive,Selected
37,Female,Bachelor's (Type 2),10,5,43.80005374465764,65,45,5,Constructive,Not Selected
23,Female,Master's,12,3,38.4976840901204,40,48,6,Moderate,Not Selected
44,Female,Bachelor's (Type 1),14,5,41.25584256580888,74,21,36,Moderate,Not Selected
47,Male,Bachelor's (Type 2),5,1,7.842258329317841,87,77,52,Aggressive,Selected
33,Female,Master's,3,5,4.485971291686473,69,56,17,Constructive,Not Selected
37,Female,Bachelor's (Type 2),10,3,45.67023645439935,60,13,86,Constructive,Not Selected
45,Male,Bachelor's (Type 2),8,4,20.39171347855472,25,43,37,Moderate,Not Selected
28,Male,PhD,5,5,15.393983903484042,70,15,58,Moderate,Not Selected
45,Male,Master's,3,2,37.23481271309122,82,96,0,Aggressive,Selected
40,Male,Bachelor's (Type 2),11,1,42.82077982899283,69,76,67,Moderate,Not Selected
21,Female,Bachelor's (Type 2),2,1,44.12448109491505,28,11,43,Moderate,Not Selected
39,Female,Bachelor's (Type 2),3,2,16.799857056261366,65,54,46,Aggressive,Not Selected
47,Female,Bachelor's (Type 2),2,2,43.6106195600837,18,50,34,Moderate,Not Selected
34,Female,Bachelor's (Type 2),14,5,3.046697218717269,67,38,86,Aggressive,Selected
47,Male,Bachelor's (Type 2),1,2,3.483074572985944,57,32,90,Moderate,Not Selected
26,Female,Bachelor's (Type 2),13,4,32.17595975870772,69,32,59,Moderate,Not Selected
31,Female,Bachelor's (Type 2),4,3,4.155318455777312,56,28,89,Aggressive,Not Selected
48,Male,Master's,1,2,17.230458425508075,36,68,51,Moderate,Not Selected
27,Female,Bachelor's (Type 2),5,2,34.6377993123462,60,69,7,Moderate,Not Selected
34,Female,Bachelor's (Type 1),2,4,17.863344802711318,91,30,79,Aggressive,Selected
22,Female,Bachelor's (Type 2),5,1,9.979989072004797,29,79,40,Constructive,Not Selected
33,Female,Bachelor's (Type 2),14,1,15.067531092692082,70,30,2,Aggressive,Not Selected
36,Female,Bachelor's (Type 2),10,5,23.878766612521588,72,88,95,Moderate,Selected
23,Female,Bachelor's (Type 2),9,4,24.76929276777412,24,45,68,Aggressive,Selected
37,Male,Bachelor's (Type 2),8,3,40.150011567360096,96,96,83,Aggressive,Selected
27,Male,Bachelor's (Type 2),0,3,38.50766147157562,64,76,13,Aggressive,Not Selected
23,Female,Bachelor's (Type 1),15,4,23.84089022780676,5,51,95,Aggressive,Selected
21,Female,Bachelor's (Type 1),15,3,43.28336745493857,17,9,25,Moderate,Not Selected
49,Male,Bachelor's (Type 2),5,1,6.711856929569792,9,87,69,Aggressive,Selected
25,Female,Bachelor's (Type 2),8,3,13.767667511445074,91,73,57,Moderate,Not Selected
41,Female,PhD,10,3,42.398823175112575,10,40,99,Aggressive,Selected
29,Female,Bachelor's (Type 2),3,4,19.899701931307654,96,94,39,Aggressive,Selected
23,Male,Bachelor's (Type 2),10,4,50.05907793969211,64,76,50,Moderate,Not Selected
41,Female,Bachelor's (Type 2),11,3,24.31266407639177,76,2,4,Constructive,Not Selected
48,Male,Bachelor's (Type 1),1,2,40.59678114818821,100,58,76,Moderate,Not Selected
50,Female,PhD,12,4,21.1153520691186,83,51,31,Moderate,Selected
37,Male,Bachelor's (Type 2),3,5,22.24767595312152,64,33,79,Aggressive,Not Selected
45,Male,Master's,0,5,20.14415736420917,51,48,0,Constructive,Not Selected
31,Female,Bachelor's (Type 1),2,1,36.953781025540586,66,27,76,Aggressive,Not Selected
21,Male,Bachelor's (Type 2),9,3,28.375894202999724,81,82,53,Aggressive,Selected
29,Female,Bachelor's (Type 2),8,2,48.188905568418456,77,86,10,Moderate,Not Selected
49,Male,Master's,9,1,13.544515826705238,30,95,52,Moderate,Not Selected
23,Female,Bachelor's (Type 1),4,3,6.028136604172218,90,12,7,Constructive,Not Selected
33,Female,Bachelor's (Type 2),14,4,20.66307425496076,16,96,24,Aggressive,Selected
50,Male,PhD,10,5,31.8356353823388,54,97,39,Constructive,Not Selected
35,Female,Bachelor's (Type 2),5,2,44.03994684577475,92,96,31,Moderate,Not Selected
34,Female,Bachelor's (Type 2),2,5,18.309844334016383,35,68,87,Moderate,Not Selected
27,Male,Bachelor's (Type 1),15,4,33.68933755622308,100,66,27,Aggressive,Selected
33,Female,PhD,4,3,18.509934051160958,25,60,77,Aggressive,Selected
42,Female,Bachelor's (Type 1),10,4,31.860979149722905,52,59,2,Constructive,Not Selected
47,Male,Master's,7,4,45.24039735153254,16,70,99,Moderate,Selected
44,Male,Master's,5,5,12.567882112970452,85,23,90,Moderate,Not Selected
49,Female,Bachelor's (Type 2),3,2,21.21208210535196,24,62,83,Constructive,Not Selected
27,Female,Bachelor's (Type 2),1,4,50.66325982148733,1,85,78,Aggressive,Selected
40,Male,Bachelor's (Type 1),13,5,44.42785141247304,85,60,61,Moderate,Selected
35,Male,Bachelor's (Type 2),8,2,29.231992894810094,4,22,26,Moderate,Not Selected
32,Female,Master's,12,3,26.83137959271377,3,29,44,Aggressive,Selected
37,Male,Master's,11,3,15.23001911523405,35,59,91,Aggressive,Selected
34,Female,Bachelor's (Type 2),0,1,26.86047138467647,5,17,24,Moderate,Not Selected
40,Female,Bachelor's (Type 2),0,5,43.40907491399736,20,95,60,Moderate,Not Selected
43,Female,Bachelor's (Type 1),12,2,35.25872566388903,76,55,43,Moderate,Not Selected
45,Female,Bachelor's (Type 1),3,4,15.502201408899328,100,52,96,Aggressive,Selected
44,Female,Bachelor's (Type 1),6,3,11.073196052676646,88,6,45,Constructive,Not Selected
47,Male,Bachelor's (Type 2),0,2,14.260426849841457,25,96,13,Aggressive,Not Selected
47,Male,Bachelor's (Type 2),8,5,9.487960069641328,54,68,7,Moderate,Not Selected
47,Male,Bachelor's (Type 2),3,1,5.782034801185797,38,91,47,Moderate,Not Selected
32,Male,Bachelor's (Type 2),2,3,21.95680872210275,83,71,13,Aggressive,Selected
28,Female,Bachelor's (Type 2),0,2,6.664980219913385,32,78,64,Aggressive,Selected
48,Female,Bachelor's (Type 2),9,2,9.595627886355215,13,51,79,Moderate,Not Selected
34,Female,Master's,3,2,28.366234216974306,55,3,81,Constructive,Not Selected
32,Female,Bachelor's (Type 2),8,5,9.229963684978737,99,33,6,Aggressive,Selected
20,Male,PhD,12,5,4.193988371545142,80,68,78,Moderate,Selected
44,Female,Master's,13,5,16.86944250139426,20,32,87,Moderate,Not Selected
26,Female,Bachelor's (Type 1),9,4,12.015954931098376,45,68,48,Aggressive,Selected
28,Male,Master's,15,2,26.76525939971884,15,37,54,Moderate,Not Selected
43,Male,Bachelor's (Type 2),15,3,6.118354229160466,15,97,12,Constructive,Not Selected
20,Male,Bachelor's (Type 2),5,5,38.58853938414891,83,25,72,Moderate,Not Selected
31,Male,Bachelor's (Type 2),15,5,46.31167597175693,28,0,55,Constructive,Not Selected
27,Female,Bachelor's (Type 2),5,2,38.17175869780972,91,3,55,Aggressive,Not Selected
43,Female,Bachelor's (Type 2),0,5,27.641351870069716,7,38,14,Moderate,Not Selected
50,Male,Bachelor's (Type 2),9,4,44.03339108944426,87,53,56,Moderate,Not Selected
30,Female,Bachelor's (Type 2),1,4,35.74591898907538,2,89,57,Moderate,Not Selected
38,Female,Bachelor's (Type 2),10,5,1.527556122509493,88,32,34,Moderate,Not Selected
36,Female,Bachelor's (Type 2),5,2,20.704507638725158,18,32,87,Aggressive,Not Selected
27,Male,Master's,1,2,43.54759497034,96,71,96,Moderate,Selected
22,Female,Bachelor's (Type 1),2,2,18.292942898763464,65,19,15,Moderate,Not Selected
22,Male,Bachelor's (Type 2),3,1,2.760758676276175,78,15,7,Aggressive,Not Selected
20,Female,Master's,10,5,38.308981927613615,85,20,92,Constructive,Selected
46,Female,Bachelor's (Type 2),4,2,41.10191351414343,73,44,86,Moderate,Not Selected
24,Female,Bachelor's (Type 1),14,4,9.029684752165428,81,89,44,Moderate,Not Selected
29,Male,Bachelor's (Type 1),8,3,27.86702484215906,21,86,94,Aggressive,Selected
26,Female,Bachelor's (Type 2),11,3,10.597771949786289,45,81,39,Aggressive,Selected
45,Male,PhD,14,2,36.96172095220734,90,61,53,Moderate,Selected
28,Male,Bachelor's (Type 2),14,3,14.577522758874284,12,30,13,Moderate,Not Selected
47,Male,PhD,3,3,16.810756128166503,32,41,58,Moderate,Not Selected
26,Female,Bachelor's (Type 2),12,1,43.248542682005066,4,11,93,Moderate,Not Selected
28,Female,Bachelor's (Type 2),10,4,24.816117610345216,89,64,52,Aggressive,Selected
27,Female,Bachelor's (Type 2),8,4,34.48772256091239,76,72,26,Moderate,Not Selected
31,Female,Bachelor's (Type 2),10,1,21.11865253612338,26,2,46,Moderate,Not Selected
21,Male,Bachelor's (Type 1),9,1,15.90034285968777,77,89,79,Moderate,Selected
20,Male,Master's,2,3,32.27390302123307,23,8,5,Aggressive,Not Selected
35,Male,Master's,7,5,8.742878703941063,66,50,54,Aggressive,Selected
42,Female,Bachelor's (Type 2),11,3,19.64999177834315,62,15,96,Moderate,Not Selected
42,Male,PhD,0,1,11.451851869296114,93,87,43,Aggressive,Selected
49,Female,Master's,10,4,35.789748347037275,98,77,17,Aggressive,Selected
43,Male,Bachelor's (Type 2),8,3,48.21044191730538,47,2,15,Aggressive,Not Selected
24,Female,Bachelor's (Type 1),8,5,50.77554840079332,62,97,11,Moderate,Not Selected
22,Female,Bachelor's (Type 2),9,3,23.513840522079537,77,96,19,Moderate,Not Selected
31,Male,Bachelor's (Type 2),1,2,13.626519481822225,11,23,44,Moderate,Not Selected
27,Male,Bachelor's (Type 2),3,3,23.141468519216208,27,72,63,Aggressive,Selected
41,Male,Bachelor's (Type 1),12,1,43.36347049813619,43,12,58,Moderate,Not Selected
46,Male,Master's,7,4,11.300283927601994,92,1,92,Aggressive,Selected
22,Female,Bachelor's (Type 1),6,4,48.60478258264619,42,70,93,Constructive,Not Selected
20,Male,Bachelor's (Type 2),0,1,18.09328843990755,16,20,89,Moderate,Not Selected
22,Male,PhD,4,2,50.29018297251525,39,18,21,Moderate,Not Selected
24,Male,Master's,6,1,42.93044437669811,48,88,96,Aggressive,Selected
34,Female,Bachelor's (Type 2),14,3,41.42852670736952,84,46,46,Aggressive,Selected
33,Female,Master's,15,1,16.895233688664177,56,21,28,Moderate,Not Selected
22,Male,Bachelor's (Type 1),3,1,1.4388605973964732,86,74,85,Moderate,Not Selected
20,Female,Bachelor's (Type 1),14,2,20.106645441299392,83,32,44,Aggressive,Selected
24,Male,Bachelor's (Type 2),15,3,16.090468483134686,63,31,76,Constructive,Not Selected
45,Female,Bachelor's (Type 2),14,5,2.869849520439865,74,63,8,Constructive,Not Selected
42,Female,Bachelor's (Type 2),0,5,26.26826282529648,56,84,23,Moderate,Not Selected
50,Female,Bachelor's (Type 2),8,4,21.15156556413683,97,38,14,Constructive,Not Selected
33,Female,Bachelor's (Type 1),13,1,32.72782338707624,73,83,35,Aggressive,Selected
26,Male,Bachelor's (Type 2),4,4,32.05931610970416,73,71,12,Aggressive,Selected
46,Male,Bachelor's (Type 2),10,2,7.037331794834006,69,41,90,Aggressive,Selected
28,Male,Master's,15,5,49.84827730633113,99,100,43,Moderate,Selected
34,Female,Bachelor's (Type 2),1,1,10.346571472072348,87,8,100,Aggressive,Selected
34,Male,Bachelor's (Type 2),7,2,23.263701238235228,75,24,70,Constructive,Not Selected
45,Male,Bachelor's (Type 2),10,2,25.405877171686747,42,88,71,Aggressive,Selected
29,Male,Bachelor's (Type 1),12,1,41.653139860706005,22,96,100,Moderate,Not Selected
47,Female,Bachelor's (Type 1),1,2,5.961479804732338,26,1,77,Constructive,Not Selected
32,Female,Master's,2,1,22.432213960426587,57,18,75,Aggressive,Selected
38,Female,Bachelor's (Type 2),13,1,32.425108511810194,36,19,35,Aggressive,Not Selected
50,Male,Bachelor's (Type 1),9,3,11.757781081202776,5,92,60,Moderate,Not Selected
26,Male,Bachelor's (Type 2),0,4,32.37339493830364,64,69,80,Aggressive,Selected
36,Male,Bachelor's (Type 2),10,2,47.18324187748264,5,16,39,Aggressive,Not Selected
39,Female,Bachelor's (Type 2),15,2,50.87590655863375,49,88,92,Aggressive,Selected
48,Female,Bachelor's (Type 2),1,3,2.622553839533785,21,67,26,Moderate,Not Selected
23,Male,Bachelor's (Type 2),13,3,12.779411412233877,87,93,0,Constructive,Not Selected
49,Female,Bachelor's (Type 2),15,3,16.515355789584873,24,83,33,Constructive,Not Selected
24,Female,Bachelor's (Type 1),6,5,20.956305022248305,78,2,67,Aggressive,Selected
42,Female,Bachelor's (Type 2),9,5,13.11285787923837,89,86,87,Moderate,Selected
26,Female,Master's,1,5,11.174399727765628,71,50,20,Moderate,Not Selected
32,Male,Master's,5,1,48.727692120875,50,81,32,Constructive,Not Selected
34,Female,Master's,14,2,46.92608013852589,87,25,6,Aggressive,Selected
30,Female,Bachelor's (Type 2),2,4,3.3496250501558738,47,55,64,Moderate,Not Selected
48,Female,Bachelor's (Type 2),3,1,17.940651080242407,69,99,2,Moderate,Not Selected
23,Female,Bachelor's (Type 2),10,2,21.25742768392033,98,63,50,Constructive,Not Selected
32,Male,Bachelor's (Type 2),14,2,12.950726733297168,64,7,78,Aggressive,Selected
26,Male,Bachelor's (Type 2),12,3,32.44364484940877,59,80,94,Aggressive,Selected
46,Female,Bachelor's (Type 1),7,3,33.01903733221205,45,94,53,Aggressive,Selected
38,Female,Bachelor's (Type 2),13,1,43.525211416429855,35,36,79,Aggressive,Selected
41,Female,PhD,2,3,38.04346341926089,57,96,73,Moderate,Not Selected
47,Female,Bachelor's (Type 2),9,2,28.12866634829778,75,26,92,Moderate,Not Selected
21,Female,Bachelor's (Type 1),5,3,33.67933850222099,37,44,58,Moderate,Not Selected
29,Female,Bachelor's (Type 2),0,5,14.699439077150904,10,3,5,Aggressive,Not Selected
32,Male,Master's,6,3,30.652809498367883,11,85,28,Aggressive,Selected
49,Female,Bachelor's (Type 2),7,2,25.46136273749596,41,89,16,Aggressive,Selected
44,Male,Bachelor's (Type 2),10,1,7.66722336581852,38,95,59,Aggressive,Selected
40,Male,Bachelor's (Type 1),13,4,13.127213829148536,70,87,21,Moderate,Not Selected
25,Female,Bachelor's (Type 2),7,3,15.5846725360793,10,98,23,Aggressive,Selected
47,Male,Bachelor's (Type 2),2,2,47.2154783526279,35,36,80,Aggressive,Not Selected
47,Male,Master's,13,4,12.519331969294472,51,95,84,Moderate,Selected
31,Male,Bachelor's (Type 2),9,4,15.462195140983408,30,70,50,Moderate,Not Selected
31,Male,Bachelor's (Type 1),0,5,19.46770650447161,32,32,49,Moderate,Not Selected
39,Male,Bachelor's (Type 1),8,4,34.18713693126935,12,30,10,Constructive,Not Selected
49,Male,Bachelor's (Type 1),12,2,6.911919623607026,17,54,55,Aggressive,Selected
49,Female,Bachelor's (Type 2),5,2,48.6972606246888,40,11,70,Moderate,Not Selected
30,Male,Bachelor's (Type 2),10,3,44.27856100473822,57,10,41,Moderate,Not Selected
45,Male,Bachelor's (Type 2),8,3,29.860803650447508,55,87,38,Moderate,Not Selected
42,Male,Bachelor's (Type 2),6,3,34.701893371247834,23,71,68,Constructive,Not Selected
47,Female,Bachelor's (Type 2),0,4,1.8330235622107995,72,31,47,Aggressive,Not Selected
44,Male,Bachelor's (Type 1),11,4,17.947238767422434,30,56,56,Moderate,Not Selected
26,Female,Bachelor's (Type 1),11,5,40.7830115330721,54,37,20,Aggressive,Not Selected
49,Male,Master's,0,3,4.874148689619295,9,59,81,Moderate,Not Selected
20,Female,Bachelor's (Type 2),5,1,15.11569171053601,59,85,98,Moderate,Not Selected
20,Female,Bachelor's (Type 2),4,5,30.26484141671557,1,97,19,Constructive,Not Selected
44,Male,Master's,8,1,13.820651384947093,14,18,14,Constructive,Not Selected
46,Male,Bachelor's (Type 2),1,4,47.69889870722596,2,83,68,Moderate,Not Selected
49,Female,Master's,7,5,7.5529315402145185,42,55,76,Aggressive,Selected
44,Male,Bachelor's (Type 2),10,5,40.86971789538893,30,13,50,Moderate,Not Selected
39,Female,PhD,4,2,26.39743459532041,69,32,75,Moderate,Not Selected
32,Female,Bachelor's (Type 1),1,4,38.5165387909978,66,9,61,Aggressive,Not Selected
28,Female,Bachelor's (Type 1),12,4,16.535766415572372,55,79,84,Moderate,Not Selected
22,Female,Bachelor's (Type 2),9,5,26.72448011560194,62,63,36,Constructive,Not Selected
26,Female,PhD,10,4,43.841767486158815,74,63,5,Moderate,Selected
25,Male,Master's,10,5,24.34390495615522,14,61,70,Moderate,Selected
27,Female,Bachelor's (Type 1),11,2,18.98599309551348,91,67,25,Constructive,Not Selected
46,Female,Bachelor's (Type 2),5,5,27.807769312636804,9,90,7,Aggressive,Not Selected
28,Male,PhD,9,4,36.86813765181834,37,91,72,Aggressive,Selected
49,Female,Bachelor's (Type 2),7,4,23.178167274925137,46,42,90,Moderate,Not Selected
24,Male,Master's,3,5,47.94384875711365,56,79,3,Moderate,Not Selected
20,Male,Master's,1,5,15.747291202117102,49,58,20,Moderate,Not Selected
38,Male,Bachelor's (Type 2),11,5,24.77318030845602,70,51,30,Aggressive,Selected
29,Female,Bachelor's (Type 2),10,3,38.84638296707208,14,96,20,Aggressive,Selected
31,Female,Bachelor's (Type 2),4,4,35.45605452478791,17,18,24,Aggressive,Not Selected
43,Female,Bachelor's (Type 2),14,4,44.18205262085781,81,20,14,Constructive,Not Selected
34,Male,Master's,11,3,50.84045903405544,87,21,34,Moderate,Not Selected
46,Female,Bachelor's (Type 2),1,5,22.34291643975448,1,8,48,Moderate,Not Selected
41,Male,Master's,1,2,6.557543989165592,83,8,42,Aggressive,Selected
43,Female,Bachelor's (Type 1),14,5,2.520794040398399,97,72,40,Aggressive,Selected
28,Male,PhD,5,5,37.34384530698858,42,26,36,Moderate,Not Selected
39,Female,Bachelor's (Type 2),15,3,44.70068356543578,25,16,56,Aggressive,Not Selected
36,Female,Bachelor's (Type 1),10,4,12.035629297220934,70,43,41,Moderate,Not Selected
49,Female,Bachelor's (Type 1),9,5,8.922401859495299,37,44,46,Moderate,Not Selected
36,Male,Master's,8,4,4.110254576284549,93,7,91,Moderate,Selected
45,Male,Bachelor's (Type 2),12,1,42.13514608586032,41,79,60,Moderate,Not Selected
39,Female,Master's,3,4,16.569096994629216,4,17,13,Moderate,Not Selected
31,Female,Bachelor's (Type 1),5,2,21.084844637988823,10,32,67,Aggressive,Not Selected
49,Male,Bachelor's (Type 1),15,2,26.13750958048061,64,0,52,Moderate,Not Selected
26,Male,Bachelor's (Type 2),6,5,42.97266171047754,33,75,83,Moderate,Not Selected
21,Male,Bachelor's (Type 2),12,4,33.54166107807425,0,5,33,Aggressive,Not Selected
22,Female,Bachelor's (Type 2),10,5,31.753231492890563,82,40,75,Constructive,Not Selected
36,Male,PhD,5,3,9.783604997795535,1,54,96,Aggressive,Selected
24,Female,PhD,7,2,26.659494585491487,84,4,23,Aggressive,Selected
36,Male,PhD,3,5,36.76905085893276,19,58,19,Aggressive,Selected
43,Female,Master's,11,3,49.66304415152459,60,79,68,Constructive,Selected
36,Male,Bachelor's (Type 2),14,5,11.070315460667612,86,17,29,Moderate,Not Selected
46,Male,Bachelor's (Type 2),0,4,1.4771676533613325,20,48,87,Moderate,Not Selected
36,Male,Bachelor's (Type 2),6,4,4.765071679923487,87,81,6,Aggressive,Selected
21,Male,Master's,2,4,19.79262325909896,67,64,35,Moderate,Not Selected
21,Male,Bachelor's (Type 1),13,4,42.02723238729936,11,82,37,Moderate,Not Selected
47,Female,Bachelor's (Type 2),5,1,1.3571040884122525,21,53,79,Constructive,Not Selected
41,Male,Bachelor's (Type 1),1,3,23.83652964429201,19,60,51,Aggressive,Not Selected
42,Male,Bachelor's (Type 2),8,3,17.461530767069725,81,7,14,Aggressive,Selected
24,Male,Master's,0,4,3.624085504986379,0,2,45,Aggressive,Not Selected
20,Female,Master's,5,1,23.511814333630863,29,24,22,Constructive,Not Selected
20,Male,Bachelor's (Type 2),5,4,13.737435366835944,96,68,11,Moderate,Not Selected
38,Female,PhD,4,1,18.59424171735032,23,54,92,Moderate,Not Selected
49,Male,Bachelor's (Type 2),15,4,36.28076523921465,13,39,43,Moderate,Not Selected
21,Male,Bachelor's (Type 1),12,2,27.077549195548357,35,82,14,Constructive,Not Selected
40,Female,Bachelor's (Type 2),4,2,7.232371449640667,68,81,92,Constructive,Not Selected
31,Male,Bachelor's (Type 2),0,5,49.07072702118195,74,49,48,Moderate,Not Selected
45,Female,Bachelor's (Type 1),9,4,32.79553828548692,23,94,20,Aggressive,Selected
25,Female,PhD,11,3,39.29342128312658,59,32,14,Aggressive,Selected
42,Male,Bachelor's (Type 2),4,5,4.960657500418541,94,17,13,Constructive,Not Selected
23,Female,Master's,1,2,3.3529189730009445,54,56,41,Moderate,Not Selected
42,Male,Bachelor's (Type 2),6,4,1.9724025184040583,76,15,79,Aggressive,Selected
30,Male,Bachelor's (Type 1),2,5,10.439701388672225,79,79,14,Moderate,Not Selected
43,Female,Bachelor's (Type 2),12,4,21.720419885924755,23,37,62,Constructive,Not Selected
46,Female,Bachelor's (Type 1),14,2,47.79130667014114,76,40,67,Moderate,Not Selected
36,Female,Bachelor's (Type 2),3,5,23.852982963288817,23,6,26,Moderate,Not Selected
50,Female,PhD,2,2,15.51275526862647,53,77,86,Constructive,Not Selected
25,Male,Bachelor's (Type 2),2,1,29.096762675983168,25,52,92,Moderate,Not Selected
43,Male,Bachelor's (Type 2),3,2,6.596728906739462,65,62,52,Aggressive,Not Selected
24,Female,Bachelor's (Type 1),4,4,31.47529455024916,79,88,51,Constructive,Not Selected
39,Male,Bachelor's (Type 1),0,3,29.421597716525167,37,31,62,Constructive,Not Selected
21,Male,Bachelor's (Type 1),3,2,40.59965167028548,64,37,72,Constructive,Not Selected
25,Male,Bachelor's (Type 2),11,3,50.3343805808512,74,21,52,Moderate,Not Selected
41,Male,Bachelor's (Type 1),11,1,13.543673585805523,50,15,56,Aggressive,Not Selected
30,Female,Bachelor's (Type 2),10,5,26.48282254018803,34,51,51,Constructive,Not Selected
50,Female,Bachelor's (Type 2),7,5,46.44327031595018,42,28,42,Aggressive,Not Selected
35,Male,Bachelor's (Type 2),9,3,40.25949422114206,28,15,6,Constructive,Not Selected
35,Female,Bachelor's (Type 1),6,5,25.37031515504038,36,75,41,Constructive,Not Selected
20,Female,Bachelor's (Type 2),8,2,48.26858248073889,80,16,3,Moderate,Not Selected
28,Female,PhD,4,3,3.861834675840469,57,100,68,Constructive,Not Selected
47,Male,Bachelor's (Type 2),12,4,47.5499309856292,53,63,4,Moderate,Not Selected
46,Male,Bachelor's (Type 2),14,2,3.5253696191403274,38,90,74,Aggressive,Selected
25,Male,Bachelor's (Type 1),9,2,28.365237205734218,41,88,91,Moderate,Not Selected
35,Female,PhD,3,2,45.52204740005429,27,12,79,Aggressive,Selected
48,Male,Bachelor's (Type 2),7,4,14.13604717806514,28,71,40,Moderate,Not Selected
22,Male,Bachelor's (Type 2),8,1,24.612424947257928,42,55,93,Aggressive,Selected
39,Female,Master's,12,5,17.21644395684833,2,4,3,Moderate,Not Selected
47,Male,Bachelor's (Type 2),6,3,48.60719585381757,9,11,1,Constructive,Not Selected
46,Male,Bachelor's (Type 2),13,1,42.18227973765454,58,40,66,Constructive,Not Selected
23,Female,Bachelor's (Type 2),15,3,36.45007556631898,13,2,20,Moderate,Not Selected
38,Female,Bachelor's (Type 2),6,5,30.381349330755437,75,98,69,Moderate,Selected
45,Female,PhD,15,4,42.029589466207405,46,32,42,Moderate,Not Selected
22,Male,Master's,4,2,20.613352076177357,41,85,81,Constructive,Not Selected
50,Male,Bachelor's (Type 2),3,2,23.37759275530309,93,49,68,Moderate,Not Selected
38,Male,Bachelor's (Type 1),13,4,37.500086054043074,31,55,8,Moderate,Not Selected
39,Female,Bachelor's (Type 1),9,1,18.88773816468571,31,8,83,Constructive,Not Selected
26,Female,Bachelor's (Type 2),0,1,4.195047102418691,41,81,27,Moderate,Not Selected
39,Male,Master's,9,3,4.716730444303574,31,49,25,Constructive,Not Selected
28,Male,Bachelor's (Type 2),9,4,6.768140065285193,25,28,81,Constructive,Not Selected
20,Female,Bachelor's (Type 2),6,1,44.48406616718314,0,38,82,Constructive,Not Selected
27,Female,Master's,15,4,24.611321287810217,55,90,2,Aggressive,Selected
26,Female,Bachelor's (Type 1),0,5,36.64411846723682,1,99,72,Moderate,Not Selected
37,Female,Bachelor's (Type 2),0,2,20.645466780244664,80,44,99,Constructive,Not Selected
27,Male,Bachelor's (Type 1),4,2,13.935547370781723,29,16,94,Moderate,Not Selected
20,Female,PhD,12,2,18.3596083781106,70,55,48,Moderate,Not Selected
30,Male,Bachelor's (Type 2),8,4,40.70911726585918,51,97,16,Aggressive,Selected
47,Male,Bachelor's (Type 1),5,4,32.26080625157191,90,45,62,Aggressive,Selected
44,Male,Bachelor's (Type 2),2,3,47.8819889978951,8,66,54,Moderate,Not Selected
44,Female,Bachelor's (Type 2),12,2,34.985238928841696,21,68,22,Moderate,Not Selected
37,Female,Master's,2,3,29.5090815877347,33,13,33,Moderate,Not Selected
42,Female,Master's,6,2,31.509800449291724,48,66,68,Moderate,Selected
50,Female,Bachelor's (Type 2),5,3,48.11857197342073,0,22,14,Moderate,Not Selected
49,Male,Bachelor's (Type 1),8,3,40.4100464933353,72,93,46,Moderate,Not Selected
29,Female,Bachelor's (Type 1),5,5,2.202061868321891,83,60,2,Moderate,Not Selected
22,Female,Bachelor's (Type 1),4,3,27.70698480678486,52,22,82,Moderate,Not Selected
26,Male,Bachelor's (Type 2),9,4,35.41692057732824,82,26,27,Moderate,Not Selected
47,Female,Master's,6,3,38.43492392195776,99,53,2,Aggressive,Selected
35,Male,Bachelor's (Type 2),0,2,11.657105965696834,39,9,3,Moderate,Not Selected
45,Male,Bachelor's (Type 1),11,3,44.35886772256761,44,88,87,Moderate,Not Selected
35,Male,Bachelor's (Type 2),6,1,48.79215735875819,67,76,30,Moderate,Not Selected
44,Male,Master's,15,2,12.835765292243488,8,15,44,Moderate,Not Selected
39,Male,Master's,2,1,45.13077287586229,21,40,58,Moderate,Not Selected
47,Male,Master's,13,2,5.84893812580477,17,97,44,Aggressive,Selected
36,Male,Bachelor's (Type 2),8,4,3.785341805762259,75,54,74,Constructive,Selected
21,Male,Bachelor's (Type 1),14,4,7.461190005137468,42,100,36,Aggressive,Selected
20,Female,Master's,5,4,3.8870539733518,38,60,64,Constructive,Not Selected
35,Female,Bachelor's (Type 2),8,1,43.2506118577888,72,85,8,Moderate,Not Selected
49,Female,Bachelor's (Type 2),12,5,3.9525072229135976,5,80,16,Moderate,Not Selected
31,Female,Master's,14,2,14.583209568182774,82,86,64,Aggressive,Selected
24,Male,Master's,4,4,6.187817176792819,47,99,2,Aggressive,Selected
24,Female,Bachelor's (Type 2),6,2,15.771101815688247,6,48,25,Aggressive,Not Selected
46,Male,Bachelor's (Type 2),12,1,5.527973380046024,79,72,52,Aggressive,Selected
42,Female,Bachelor's (Type 2),15,5,34.4001625371507,68,51,30,Moderate,Not Selected
28,Female,Bachelor's (Type 2),13,1,7.666340817128757,15,1,25,Moderate,Not Selected
28,Female,Bachelor's (Type 2),3,2,43.59229629194439,0,95,22,Moderate,Not Selected
22,Male,Master's,14,5,41.85955253633205,36,49,29,Aggressive,Selected
38,Female,Master's,15,5,1.683084273530471,82,85,9,Constructive,Selected
35,Male,Master's,6,1,45.78631777575573,36,42,71,Moderate,Not Selected
35,Male,Bachelor's (Type 1),12,4,2.447215837168353,80,76,88,Aggressive,Selected
22,Female,Master's,0,2,12.98228924787783,63,7,63,Moderate,Not Selected
39,Female,Master's,6,3,2.619456888799753,89,58,21,Aggressive,Selected
43,Female,Bachelor's (Type 2),7,3,17.792174351965798,85,64,14,Aggressive,Selected
41,Male,Master's,4,1,26.69332628566358,61,80,55,Moderate,Not Selected
43,Female,Master's,1,2,40.832243450756906,71,11,73,Moderate,Not Selected
20,Male,Bachelor's (Type 2),4,2,17.89907752349181,60,3,19,Constructive,Not Selected
43,Male,Bachelor's (Type 2),5,1,36.27450123365583,32,76,46,Moderate,Not Selected
39,Female,Bachelor's (Type 1),11,2,10.375222855949016,65,94,86,Constructive,Not Selected
30,Female,Bachelor's (Type 2),1,4,38.52992283720632,29,40,52,Constructive,Not Selected
36,Male,Bachelor's (Type 2),13,1,12.799830295461875,19,6,52,Constructive,Not Selected
27,Male,Master's,5,4,8.177237797188397,59,86,0,Moderate,Not Selected
23,Male,Bachelor's (Type 2),5,2,10.270442518702716,81,87,1,Aggressive,Selected
25,Female,Bachelor's (Type 1),0,1,10.10315644409277,73,68,57,Aggressive,Selected
27,Male,Bachelor's (Type 2),13,2,26.64314396884956,23,68,18,Moderate,Not Selected
39,Female,Bachelor's (Type 1),0,1,43.2398790594073,3,80,61,Moderate,Not Selected
49,Male,Bachelor's (Type 1),13,2,4.9802538496252815,36,29,77,Aggressive,Selected
22,Male,Bachelor's (Type 1),10,4,36.34781592467113,3,72,71,Moderate,Not Selected
35,Female,Bachelor's (Type 1),15,4,33.717322982642884,76,5,11,Aggressive,Selected
49,Male,Bachelor's (Type 1),9,2,44.62599759146812,88,88,25,Moderate,Not Selected
44,Female,Bachelor's (Type 2),2,1,13.207378025345362,76,18,26,Aggressive,Not Selected
22,Female,Bachelor's (Type 2),13,3,23.50549293425148,17,79,28,Moderate,Not Selected
44,Male,Master's,9,4,47.29136872217587,87,84,14,Moderate,Selected
48,Female,Bachelor's (Type 2),9,4,33.99967250676586,65,65,45,Aggressive,Selected
37,Female,Master's,14,3,20.438420643079844,47,9,0,Moderate,Not Selected
33,Male,Bachelor's (Type 1),11,2,7.570619142763423,32,15,59,Moderate,Not Selected
37,Female,Bachelor's (Type 2),2,1,14.124250395029552,57,36,91,Aggressive,Not Selected
21,Female,Master's,3,2,30.060773874469163,82,78,56,Aggressive,Selected
41,Female,Bachelor's (Type 1),1,5,36.90839737802568,72,76,2,Moderate,Not Selected
22,Male,Bachelor's (Type 2),8,4,7.221094342594674,27,76,17,Moderate,Not Selected
35,Female,Bachelor's (Type 2),9,5,30.9798630022027,34,31,51,Moderate,Not Selected
48,Male,Bachelor's (Type 2),11,4,28.51756394193755,9,46,59,Aggressive,Not Selected
28,Male,Bachelor's (Type 1),10,4,26.6977723345354,64,71,33,Moderate,Not Selected
23,Female,Bachelor's (Type 2),13,5,35.506155884100394,41,42,95,Aggressive,Selected
20,Female,Bachelor's (Type 2),6,5,42.87247975417309,84,81,92,Constructive,Selected
23,Female,Bachelor's (Type 1),6,2,17.149484158843418,8,35,88,Moderate,Not Selected
20,Male,Bachelor's (Type 2),14,5,45.45060950554797,59,25,59,Constructive,Not Selected
33,Female,Master's,5,2,9.031680630927534,14,9,25,Moderate,Not Selected
40,Female,PhD,14,2,9.651193487558215,98,30,71,Moderate,Selected
35,Female,Bachelor's (Type 2),2,2,14.338603181196197,56,96,18,Moderate,Not Selected
39,Female,Master's,5,4,6.976543477353891,68,28,21,Moderate,Not Selected
43,Female,Bachelor's (Type 2),14,4,12.515961234143878,21,4,92,Moderate,Not Selected
27,Male,Bachelor's (Type 2),13,5,6.32058814514223,63,76,32,Moderate,Not Selected
26,Male,Bachelor's (Type 1),11,4,42.08762084926952,40,0,37,Moderate,Not Selected
22,Female,Master's,7,5,7.94844959433123,86,86,34,Moderate,Selected
36,Female,Bachelor's (Type 2),7,4,38.36487787799284,70,2,66,Moderate,Not Selected
20,Female,Bachelor's (Type 2),10,1,3.395693395666687,55,66,82,Constructive,Not Selected
35,Female,Bachelor's (Type 1),12,1,48.42601637569576,22,70,9,Moderate,Not Selected
31,Male,Master's,8,5,36.55800437638831,24,99,90,Moderate,Selected
46,Female,Master's,14,4,1.3398274293055892,90,34,14,Moderate,Not Selected
38,Male,Master's,0,4,39.1928250100107,5,14,10,Moderate,Not Selected
41,Male,Bachelor's (Type 2),13,2,26.704096038309267,33,66,89,Constructive,Not Selected
42,Female,Bachelor's (Type 1),0,3,39.96825851675599,62,92,23,Constructive,Not Selected
41,Male,Bachelor's (Type 2),2,5,27.124840444529426,8,29,76,Moderate,Not Selected
33,Male,Bachelor's (Type 2),2,3,33.051242881767735,59,81,95,Moderate,Not Selected
49,Male,Bachelor's (Type 1),9,3,40.31658276975202,48,74,100,Moderate,Not Selected
25,Male,Bachelor's (Type 2),7,5,21.255402729392834,96,42,3,Moderate,Not Selected
25,Female,PhD,14,4,1.1354074910226044,50,59,12,Constructive,Not Selected
32,Female,Master's,9,5,43.497324797259424,59,39,72,Aggressive,Selected
38,Male,Master's,0,3,20.04451813123313,69,64,56,Aggressive,Selected
41,Female,PhD,12,4,25.802136300829154,36,28,97,Aggressive,Selected
27,Female,Bachelor's (Type 2),1,1,1.3883321076984358,30,73,36,Moderate,Not Selected
46,Female,Bachelor's (Type 2),1,5,25.6046005175049,97,91,47,Constructive,Not Selected
46,Female,PhD,2,5,50.32437007858648,40,94,70,Aggressive,Selected
21,Female,Bachelor's (Type 1),12,4,14.913383040938482,61,18,0,Moderate,Not Selected
40,Male,Master's,5,1,20.770913512118906,92,2,59,Moderate,Not Selected
49,Female,Bachelor's (Type 2),0,1,35.35949982343383,57,35,11,Moderate,Not Selected
20,Female,Bachelor's (Type 2),1,4,41.73968337618293,13,42,20,Moderate,Not Selected
47,Female,Bachelor's (Type 2),12,2,21.869581200305014,35,14,10,Constructive,Not Selected
34,Female,PhD,15,5,16.483443520064625,35,96,43,Aggressive,Selected
20,Male,Master's,14,5,47.89128999925335,78,40,57,Moderate,Not Selected
24,Male,Bachelor's (Type 1),12,3,34.85724833358346,7,89,43,Aggressive,Selected
47,Male,Master's,15,4,6.951065224657054,25,79,77,Moderate,Selected
48,Male,Bachelor's (Type 2),0,3,4.446393906732431,35,35,97,Constructive,Not Selected
35,Female,Bachelor's (Type 2),4,3,25.17749253951845,47,96,33,Aggressive,Not Selected
38,Male,Bachelor's (Type 2),15,1,12.004503302363622,84,83,24,Aggressive,Selected
23,Female,Bachelor's (Type 2),12,5,13.699237668812676,27,76,3,Moderate,Not Selected
22,Female,Bachelor's (Type 2),12,3,44.884608941392415,67,32,63,Moderate,Not Selected
36,Female,PhD,6,1,5.4783012158155335,61,4,89,Moderate,Not Selected
36,Female,Master's,15,4,36.76820576144448,79,100,15,Aggressive,Selected
31,Female,Bachelor's (Type 2),7,3,14.557112669029404,85,77,9,Aggressive,Selected
47,Male,Bachelor's (Type 1),9,5,39.016411070206885,75,90,65,Moderate,Selected
49,Male,PhD,0,3,37.12056922317723,79,86,34,Aggressive,Selected
48,Male,PhD,6,4,1.3695950722146513,50,13,82,Constructive,Not Selected
33,Male,Master's,12,3,26.45677064607996,41,67,5,Aggressive,Selected
40,Female,Bachelor's (Type 1),4,5,7.965974118902318,100,82,18,Moderate,Not Selected
25,Male,Bachelor's (Type 1),9,1,44.31135152893384,28,46,58,Aggressive,Not Selected
22,Female,Bachelor's (Type 2),0,5,44.57929414312033,81,53,52,Aggressive,Selected
47,Male,Bachelor's (Type 1),2,1,21.9172903746879,9,3,7,Moderate,Not Selected
28,Female,Bachelor's (Type 2),6,2,23.219780922554023,38,93,77,Moderate,Not Selected
24,Female,PhD,9,5,16.164146970226355,81,82,9,Aggressive,Selected
43,Male,Bachelor's (Type 2),0,5,36.83031494800155,0,94,66,Aggressive,Selected
48,Female,Bachelor's (Type 1),6,4,18.93306815132296,38,94,37,Aggressive,Selected
36,Female,Bachelor's (Type 2),4,3,14.389623726131688,20,8,28,Moderate,Not Selected
33,Male,Bachelor's (Type 1),0,1,22.61155297522541,64,52,14,Moderate,Not Selected
40,Female,Bachelor's (Type 1),0,1,5.574375919372936,14,76,86,Aggressive,Selected
50,Male,Bachelor's (Type 2),13,4,38.33016023221019,3,77,22,Moderate,Not Selected
22,Male,Bachelor's (Type 2),0,4,1.629820063589348,59,59,81,Moderate,Not Selected
47,Male,Master's,10,3,33.2242530760297,60,45,45,Constructive,Not Selected
20,Female,PhD,8,3,10.14322633774362,19,53,82,Constructive,Selected
39,Female,Bachelor's (Type 2),10,5,12.620202310720655,9,73,27,Moderate,Not Selected
50,Female,Bachelor's (Type 2),12,2,32.781599932002,86,94,25,Aggressive,Selected
48,Male,Master's,2,3,50.64717328914536,33,36,9,Aggressive,Not Selected
40,Female,Bachelor's (Type 2),14,4,39.88587445362754,47,22,46,Moderate,Not Selected
42,Male,Bachelor's (Type 1),12,3,12.2919816111696,32,26,3,Constructive,Not Selected
20,Male,Master's,4,1,9.80123775205669,97,69,54,Moderate,Not Selected
22,Female,Bachelor's (Type 1),10,2,44.31164351338352,60,89,65,Moderate,Not Selected
37,Male,Bachelor's (Type 2),15,5,23.20919739607521,9,65,66,Moderate,Not Selected
44,Female,Bachelor's (Type 2),9,1,7.852640141407773,53,60,6,Moderate,Not Selected
29,Female,Bachelor's (Type 2),11,1,44.1105711660969,83,76,54,Aggressive,Selected
50,Female,Bachelor's (Type 2),15,2,41.80461764571307,64,50,79,Moderate,Not Selected
41,Female,Master's,8,5,50.19531819485818,76,49,30,Aggressive,Selected
45,Female,Bachelor's (Type 1),5,4,46.4871843356342,0,18,73,Aggressive,Not Selected
22,Male,Bachelor's (Type 2),11,5,43.589516933027085,4,0,18,Moderate,Not Selected
27,Male,Master's,8,3,3.628719890550157,79,39,27,Aggressive,Selected
33,Male,Bachelor's (Type 2),7,1,6.220768474905901,14,31,80,Aggressive,Selected
43,Female,Bachelor's (Type 1),7,3,29.44915971520614,27,21,27,Aggressive,Not Selected
37,Female,Master's,0,4,27.573962314091045,94,92,18,Constructive,Not Selected
34,Female,Bachelor's (Type 2),12,3,23.89816072447677,22,65,100,Moderate,Not Selected
41,Male,Master's,8,5,20.83946627072921,16,39,86,Aggressive,Selected
42,Female,Master's,5,3,22.560524243216445,97,37,19,Moderate,Not Selected
21,Male,Bachelor's (Type 2),15,4,29.46489670673976,12,47,12,Aggressive,Not Selected
50,Male,Bachelor's (Type 2),8,4,1.1038258800040603,13,54,76,Moderate,Not Selected
46,Female,PhD,2,4,14.03543870664261,10,74,42,Moderate,Not Selected
29,Female,Bachelor's (Type 1),11,5,26.913986034435556,27,80,10,Constructive,Not Selected
21,Male,Master's,2,4,37.11080493368231,41,54,47,Moderate,Not Selected
45,Female,Bachelor's (Type 1),5,1,9.707834619769816,95,50,14,Constructive,Not Selected
36,Male,Bachelor's (Type 2),8,4,28.344058689371646,98,59,16,Constructive,Not Selected
27,Female,Bachelor's (Type 2),6,3,36.72298419428909,60,7,53,Constructive,Not Selected
20,Female,PhD,13,3,23.231382895695237,63,85,49,Moderate,Not Selected
28,Male,PhD,12,3,2.3540566835025523,30,67,27,Moderate,Not Selected
30,Female,Bachelor's (Type 1),2,5,23.463407923281835,80,74,82,Moderate,Not Selected
41,Male,Bachelor's (Type 1),2,3,15.822244387207656,72,71,3,Aggressive,Selected
35,Female,Master's,1,5,47.48248038506642,9,8,21,Aggressive,Not Selected
26,Male,Bachelor's (Type 2),8,5,7.230669283916368,7,89,85,Moderate,Not Selected
48,Male,Bachelor's (Type 1),12,4,33.62379777536161,20,1,100,Moderate,Not Selected
29,Female,Bachelor's (Type 2),14,1,3.6359883167250575,76,79,38,Constructive,Not Selected
42,Male,Bachelor's (Type 2),2,4,23.308521890634825,58,94,33,Aggressive,Not Selected
45,Female,PhD,10,4,28.69897436100403,49,69,96,Aggressive,Selected
22,Female,Bachelor's (Type 2),4,5,15.897746565843272,68,84,43,Moderate,Not Selected
37,Female,Bachelor's (Type 2),13,5,23.75378177601922,69,89,41,Moderate,Not Selected
44,Male,Bachelor's (Type 2),13,3,9.177689726509367,29,58,39,Aggressive,Selected
43,Male,Master's,8,3,16.206192473401806,94,18,96,Constructive,Selected
32,Female,Bachelor's (Type 2),7,4,32.05531624551016,16,27,11,Moderate,Not Selected
47,Female,Bachelor's (Type 2),1,2,16.090002793057756,74,71,1,Moderate,Not Selected
45,Male,Bachelor's (Type 2),2,2,45.98715392044358,19,13,27,Constructive,Not Selected
26,Female,Master's,15,3,32.420347882049484,47,23,73,Moderate,Not Selected
44,Female,Bachelor's (Type 2),15,2,22.932450921799223,72,43,85,Moderate,Not Selected
23,Male,Bachelor's (Type 1),1,3,2.9378467777091237,1,100,80,Constructive,Not Selected
32,Female,Bachelor's (Type 2),15,5,25.977416760233563,36,55,89,Aggressive,Selected
39,Male,Bachelor's (Type 2),7,4,39.23881210625446,0,89,66,Moderate,Not Selected
20,Female,Bachelor's (Type 1),5,1,14.277879900620682,3,94,70,Aggressive,Selected
27,Male,Master's,5,4,41.33867848243837,99,50,71,Aggressive,Selected
33,Female,Bachelor's (Type 2),11,3,13.590338302544074,53,31,83,Constructive,Not Selected
35,Female,Master's,14,3,42.18731939754002,24,49,75,Moderate,Not Selected
33,Male,Bachelor's (Type 2),8,4,5.26341708058387,2,40,98,Moderate,Not Selected
31,Female,Master's,7,3,44.30918544345148,8,65,80,Constructive,Selected
38,Male,Bachelor's (Type 1),3,2,25.959322546666524,85,24,91,Constructive,Not Selected
42,Female,Bachelor's (Type 2),14,2,15.8268794810131,86,60,9,Constructive,Not Selected
34,Male,PhD,11,3,14.255662520757438,75,65,85,Moderate,Selected
47,Male,Master's,3,3,22.60052794651813,73,41,56,Moderate,Not Selected
21,Male,Bachelor's (Type 2),8,2,50.95247490518225,33,64,96,Aggressive,Selected
21,Male,Bachelor's (Type 2),0,3,12.016369671879128,42,35,85,Moderate,Not Selected
42,Female,Master's,12,3,6.160832443949981,73,75,36,Moderate,Selected
50,Female,Bachelor's (Type 2),1,4,30.25175843593309,93,8,76,Moderate,Not Selected
41,Male,Master's,1,1,25.427123322012857,21,35,90,Moderate,Not Selected
38,Male,Master's,12,2,27.209813553165368,69,91,63,Constructive,Selected
44,Male,Bachelor's (Type 1),12,4,34.346770877860855,1,37,78,Moderate,Not Selected
45,Female,Bachelor's (Type 1),5,1,14.357203493532468,93,32,85,Moderate,Not Selected
50,Female,Bachelor's (Type 2),14,3,46.53324976919442,65,41,93,Moderate,Not Selected
49,Female,Bachelor's (Type 1),3,3,22.78360330611452,31,60,39,Aggressive,Not Selected
48,Female,Bachelor's (Type 2),15,4,7.454309757123089,15,45,100,Aggressive,Selected
41,Male,PhD,12,3,38.114937836697216,75,85,97,Moderate,Selected
45,Male,Bachelor's (Type 2),10,5,33.15521763089252,0,88,59,Aggressive,Selected
45,Male,Master's,9,4,16.787170124201854,71,60,97,Moderate,Selected
41,Female,Bachelor's (Type 2),12,1,32.075936201702426,47,17,47,Moderate,Not Selected
36,Female,Bachelor's (Type 2),2,4,11.993097818448843,49,69,98,Aggressive,Selected
39,Female,Bachelor's (Type 1),2,2,23.24196796702648,12,81,18,Aggressive,Not Selected
29,Male,Bachelor's (Type 2),2,4,45.97062610836626,14,79,71,Moderate,Not Selected
25,Male,Bachelor's (Type 2),5,3,7.676711658037471,52,14,32,Moderate,Not Selected
34,Female,Bachelor's (Type 2),13,3,20.3348224993731,43,47,43,Moderate,Not Selected
41,Male,Master's,15,5,42.057121236017366,7,71,91,Moderate,Selected
30,Female,Bachelor's (Type 2),7,5,49.474544970308905,73,12,36,Moderate,Not Selected
47,Female,Bachelor's (Type 2),10,5,23.696306821089795,45,42,88,Constructive,Not Selected
24,Male,Bachelor's (Type 2),6,1,26.34998100716737,68,59,35,Moderate,Not Selected
20,Female,Bachelor's (Type 1),13,5,29.608598089188487,18,56,80,Constructive,Not Selected
27,Male,Bachelor's (Type 2),3,1,47.61740708168554,37,70,87,Aggressive,Selected
40,Female,Bachelor's (Type 1),10,5,43.91033954885149,10,16,20,Moderate,Not Selected
47,Male,Bachelor's (Type 1),11,1,9.530056231082217,42,49,1,Moderate,Not Selected
31,Male,Bachelor's (Type 1),3,4,22.83789089235375,19,31,30,Aggressive,Not Selected
31,Male,Bachelor's (Type 2),10,4,24.200021409821318,19,21,96,Aggressive,Selected
24,Female,Master's,9,3,40.45480558243784,20,54,29,Moderate,Not Selected
26,Female,Bachelor's (Type 2),14,1,31.144644130271764,81,56,75,Aggressive,Selected
23,Male,Bachelor's (Type 2),10,2,33.71102310145065,56,12,43,Aggressive,Not Selected
25,Male,Bachelor's (Type 2),15,3,50.90999538328088,49,46,11,Constructive,Not Selected
32,Female,Bachelor's (Type 1),10,4,4.7480021735006535,73,86,50,Constructive,Not Selected
39,Female,Master's,13,1,12.15049117668665,97,61,48,Moderate,Selected
49,Female,Bachelor's (Type 2),10,5,21.39479686857734,25,53,23,Moderate,Not Selected
34,Male,Bachelor's (Type 2),1,2,18.38912015244436,29,28,23,Constructive,Not Selected
22,Female,Bachelor's (Type 2),13,4,2.082278067349179,72,21,59,Moderate,Not Selected
42,Female,Bachelor's (Type 1),15,3,5.588880323558792,30,64,10,Aggressive,Selected
27,Male,Bachelor's (Type 2),0,1,35.04766457017881,41,28,12,Constructive,Not Selected
39,Female,Bachelor's (Type 2),8,2,44.96622316812803,67,47,90,Moderate,Not Selected
35,Female,Master's,11,1,26.71135056329888,60,4,71,Moderate,Not Selected
32,Female,Bachelor's (Type 1),14,5,27.95955397568165,60,34,73,Moderate,Not Selected
37,Male,Bachelor's (Type 2),11,3,13.75467164161897,69,73,71,Moderate,Not Selected
47,Male,Bachelor's (Type 2),1,1,39.39381818168557,77,82,63,Constructive,Not Selected
29,Male,Bachelor's (Type 1),12,4,38.58972936836282,67,100,19,Moderate,Not Selected
49,Male,Bachelor's (Type 2),7,3,30.41828446088283,89,70,71,Constructive,Selected
38,Male,Master's,14,4,11.633214325567142,16,45,72,Constructive,Not Selected
36,Male,Master's,15,1,5.850910911854473,18,34,70,Moderate,Not Selected
43,Male,Bachelor's (Type 2),8,3,4.211928792856295,50,44,77,Moderate,Not Selected
50,Female,Master's,3,4,30.63480333214389,69,12,27,Moderate,Not Selected
38,Female,PhD,7,5,42.25176595714,62,9,1,Aggressive,Selected
47,Male,Master's,8,5,43.91652158904624,92,65,42,Aggressive,Selected
45,Female,Bachelor's (Type 1),9,1,24.18110371717249,74,69,7,Moderate,Not Selected
42,Female,Master's,9,3,40.21356496533585,79,71,12,Moderate,Selected
45,Male,Bachelor's (Type 2),4,2,48.34400981705118,29,99,84,Aggressive,Selected
24,Female,PhD,15,3,14.7585056244034,24,24,91,Aggressive,Selected
45,Female,Bachelor's (Type 2),12,5,20.89801731903786,74,43,34,Constructive,Not Selected
40,Female,Bachelor's (Type 1),13,4,47.57394962983403,70,59,22,Moderate,Not Selected
49,Female,Master's,6,2,17.911548365864242,25,46,45,Constructive,Not Selected
42,Female,Bachelor's (Type 2),15,1,46.693814516089816,55,39,14,Moderate,Not Selected
50,Male,PhD,9,2,50.05224311272329,21,6,1,Moderate,Not Selected
28,Male,PhD,3,1,34.09053642872124,88,45,60,Aggressive,Selected
31,Male,Bachelor's (Type 2),0,2,41.84451447520841,18,22,75,Moderate,Not Selected
40,Female,Bachelor's (Type 1),2,1,38.47727821105426,30,82,63,Moderate,Not Selected
20,Male,Bachelor's (Type 2),4,1,35.97671288077619,25,45,51,Aggressive,Not Selected
45,Female,Bachelor's (Type 1),2,2,16.346553649061626,41,85,35,Moderate,Not Selected
45,Female,Bachelor's (Type 1),15,2,3.8547168953971855,40,12,66,Moderate,Not Selected
20,Female,Master's,11,1,18.15258662598253,99,20,68,Moderate,Selected
34,Female,Bachelor's (Type 2),12,5,34.34679926019533,22,0,66,Moderate,Not Selected
21,Male,Bachelor's (Type 2),10,2,6.126459911390069,46,18,46,Moderate,Not Selected
49,Male,PhD,6,3,1.5958991489121046,12,59,82,Moderate,Selected
41,Female,Bachelor's (Type 2),11,4,7.984618630146933,88,32,1,Constructive,Not Selected
35,Male,Bachelor's (Type 2),8,1,36.78679632053976,65,3,43,Constructive,Not Selected
44,Female,PhD,14,1,49.6396850828222,65,2,100,Constructive,Not Selected
27,Male,Bachelor's (Type 1),11,4,50.15323498074103,15,90,63,Moderate,Not Selected
32,Male,Master's,5,5,25.6989574570094,72,51,80,Moderate,Selected
40,Female,PhD,12,4,44.46761504961737,27,98,77,Moderate,Selected
20,Male,PhD,9,2,37.8413227875752,76,27,27,Aggressive,Selected
35,Female,Bachelor's (Type 2),0,4,26.052011849230173,34,69,90,Constructive,Not Selected
48,Male,Bachelor's (Type 2),15,1,29.638026647754337,40,69,53,Moderate,Not Selected
26,Female,Bachelor's (Type 2),6,4,7.861357330843553,76,54,73,Aggressive,Selected
50,Female,Master's,14,3,47.8830730308296,30,56,66,Aggressive,Selected
24,Male,Master's,2,2,18.59648853658884,84,86,35,Constructive,Not Selected
41,Male,Bachelor's (Type 2),4,4,23.30746282285848,31,96,62,Aggressive,Selected
48,Female,Bachelor's (Type 2),15,1,34.583011549894934,53,15,24,Aggressive,Not Selected
42,Male,Bachelor's (Type 1),9,2,17.695123576327696,97,23,85,Moderate,Not Selected
22,Male,Bachelor's (Type 1),3,1,13.712958049446527,71,68,47,Aggressive,Selected
31,Female,Master's,9,5,32.55246966351103,58,40,38,Constructive,Not Selected
45,Female,Bachelor's (Type 2),4,3,2.249204114092473,40,76,46,Moderate,Not Selected
35,Male,PhD,4,5,37.03625560133394,65,46,93,Moderate,Not Selected
38,Female,Master's,5,3,26.701168493825488,95,75,20,Constructive,Not Selected
24,Female,Bachelor's (Type 1),13,4,31.28768652604672,53,68,29,Moderate,Not Selected
41,Female,Bachelor's (Type 2),9,2,32.59400796234426,39,100,91,Moderate,Not Selected
44,Male,Bachelor's (Type 2),11,4,27.352507824628184,27,30,30,Moderate,Not Selected
48,Male,Bachelor's (Type 2),9,3,30.1266888720368,36,91,25,Moderate,Not Selected
33,Female,Master's,12,3,35.18941004449373,64,91,21,Moderate,Not Selected
47,Male,Master's,12,3,38.65594235898371,73,29,20,Moderate,Not Selected
24,Female,Master's,10,1,37.37261956430603,54,17,0,Constructive,Not Selected
34,Male,Bachelor's (Type 2),5,2,44.48082288661308,3,43,36,Moderate,Not Selected
36,Female,Bachelor's (Type 1),15,4,10.472171658370138,98,26,76,Constructive,Not Selected
49,Female,Master's,7,4,21.05739847458988,9,98,84,Moderate,Selected
33,Male,Bachelor's (Type 1),7,5,48.38980330072285,46,25,45,Moderate,Not Selected
49,Female,Bachelor's (Type 2),10,3,20.829528719316485,74,59,8,Constructive,Not Selected
39,Male,Bachelor's (Type 1),8,3,7.243503845296133,13,17,16,Aggressive,Not Selected
24,Male,Bachelor's (Type 2),7,3,27.272256318108976,37,96,46,Moderate,Not Selected
31,Female,Bachelor's (Type 1),12,4,6.474548627723108,11,88,84,Moderate,Not Selected
35,Female,Bachelor's (Type 2),10,5,11.14266193639326,44,55,94,Moderate,Not Selected
45,Male,PhD,1,1,50.91593782854783,16,30,58,Aggressive,Not Selected
45,Female,Bachelor's (Type 1),13,2,28.0681319198066,79,100,53,Moderate,Not Selected
35,Female,Bachelor's (Type 1),13,1,15.202919452021453,34,58,85,Moderate,Not Selected
40,Female,Bachelor's (Type 2),11,4,50.7387477286953,65,1,11,Moderate,Not Selected
26,Female,Master's,9,3,49.32794592775716,74,96,63,Constructive,Selected
23,Female,Bachelor's (Type 2),11,2,23.036952054213177,40,38,5,Constructive,Not Selected
20,Male,Bachelor's (Type 2),10,4,14.02015543939542,66,60,52,Moderate,Not Selected
49,Male,Bachelor's (Type 1),14,4,42.9199819046095,28,62,15,Constructive,Not Selected
49,Female,Master's,15,4,36.78103584858929,17,95,89,Moderate,Selected
24,Female,Bachelor's (Type 2),0,2,35.34707175017552,19,17,4,Moderate,Not Selected
42,Female,Master's,9,2,45.655687066123626,13,16,72,Moderate,Not Selected
45,Male,PhD,1,5,35.47085669356623,33,97,45,Moderate,Not Selected
29,Female,Bachelor's (Type 2),1,5,15.189897152077457,48,38,13,Aggressive,Not Selected
41,Male,Master's,11,1,35.693158093786614,53,70,43,Moderate,Not Selected
24,Male,Bachelor's (Type 1),2,2,16.290675564183196,30,53,62,Moderate,Not Selected
23,Male,Master's,9,2,38.96194898284976,57,98,93,Moderate,Selected
21,Female,Bachelor's (Type 2),6,2,31.9873927245783,41,93,51,Constructive,Not Selected
39,Male,Master's,1,5,4.870577599237529,57,75,25,Moderate,Not Selected
50,Female,Bachelor's (Type 1),13,4,26.641768121757103,81,34,52,Aggressive,Selected
29,Male,Bachelor's (Type 1),15,3,18.165048459787048,29,10,28,Moderate,Not Selected
45,Female,Bachelor's (Type 2),0,5,17.428531636614714,24,60,18,Moderate,Not Selected
38,Male,Bachelor's (Type 2),15,2,31.112815118862866,62,43,46,Moderate,Not Selected
45,Female,Bachelor's (Type 2),13,5,17.116241223471246,18,67,7,Aggressive,Selected
20,Male,Bachelor's (Type 2),5,1,39.84468741024364,71,24,22,Moderate,Not Selected
43,Female,Bachelor's (Type 1),8,2,4.539571800558722,91,47,34,Constructive,Not Selected
24,Female,Bachelor's (Type 2),14,1,34.019412619791275,7,31,94,Moderate,Not Selected
32,Female,Master's,2,2,41.45974018283706,94,83,52,Constructive,Not Selected
23,Female,Bachelor's (Type 2),5,5,34.6415844960215,2,94,98,Constructive,Not Selected
35,Male,Bachelor's (Type 1),2,4,25.86145975099979,66,3,95,Aggressive,Not Selected
43,Male,Bachelor's (Type 2),13,3,48.51535068680906,85,37,57,Moderate,Not Selected
35,Female,Bachelor's (Type 1),12,1,15.99692448990318,80,62,4,Moderate,Not Selected
42,Male,PhD,0,5,1.958394376248889,99,46,15,Aggressive,Selected
21,Female,Bachelor's (Type 1),13,4,22.599468573172043,16,0,16,Moderate,Not Selected
36,Female,Master's,12,5,2.6505967950163623,13,2,31,Moderate,Not Selected
47,Male,PhD,15,1,48.69683762632044,8,100,95,Aggressive,Selected
46,Female,Master's,11,3,11.495902287402576,61,85,51,Constructive,Not Selected
39,Female,Bachelor's (Type 2),4,5,40.44635119744397,93,61,19,Moderate,Not Selected
43,Male,Master's,9,2,39.72860415871824,20,63,65,Constructive,Selected
31,Female,PhD,13,4,11.886444984146676,75,16,83,Moderate,Selected
37,Female,Bachelor's (Type 2),12,5,32.061326524008365,36,77,81,Constructive,Not Selected
22,Female,Bachelor's (Type 2),10,4,3.4039484243225107,95,61,0,Moderate,Not Selected
47,Female,Bachelor's (Type 2),3,2,25.178729285193373,10,34,57,Aggressive,Not Selected
20,Male,Bachelor's (Type 2),6,3,1.7323563636243369,19,12,92,Moderate,Not Selected
20,Male,Bachelor's (Type 2),5,3,47.05719400904209,34,34,92,Moderate,Not Selected
48,Male,Bachelor's (Type 2),9,2,49.80430120997858,52,42,82,Moderate,Not Selected
38,Female,Bachelor's (Type 2),6,4,12.114138331929263,46,1,43,Moderate,Not Selected
30,Female,Bachelor's (Type 1),4,5,11.40530172981864,74,55,5,Aggressive,Selected
24,Male,Bachelor's (Type 1),14,2,38.68600882810648,51,76,49,Moderate,Not Selected
31,Female,Bachelor's (Type 2),14,1,13.668969941466724,7,50,71,Moderate,Not Selected
22,Female,Bachelor's (Type 1),3,4,45.75382795809225,3,53,87,Moderate,Not Selected
20,Female,Bachelor's (Type 2),15,3,29.69645680614911,26,15,19,Moderate,Not Selected
20,Female,Bachelor's (Type 2),6,2,18.538881150515607,43,17,13,Constructive,Not Selected
27,Male,Master's,6,3,42.634687317471005,39,6,4,Moderate,Not Selected
29,Male,Bachelor's (Type 1),5,4,25.67033502066976,46,44,40,Moderate,Not Selected
30,Male,Bachelor's (Type 2),7,3,46.58164568542378,93,35,39,Constructive,Not Selected
31,Female,Master's,3,2,47.40071183646905,43,40,33,Moderate,Not Selected
48,Male,Bachelor's (Type 2),9,4,9.271007606420469,47,93,79,Aggressive,Selected
32,Male,Bachelor's (Type 1),4,1,1.1161703065965136,90,41,44,Aggressive,Not Selected
31,Female,Master's,3,2,50.19654700712011,84,6,70,Moderate,Not Selected
50,Female,Master's,11,5,46.30687680637397,51,14,79,Aggressive,Selected
33,Male,Bachelor's (Type 2),0,2,3.772261785192071,83,59,70,Moderate,Not Selected
21,Male,Bachelor's (Type 2),11,4,42.651713197053496,67,39,26,Aggressive,Not Selected
48,Male,PhD,7,2,23.89024662796033,10,82,77,Aggressive,Selected
38,Male,Bachelor's (Type 2),0,1,13.94808025124876,76,36,77,Moderate,Not Selected
37,Female,Bachelor's (Type 2),4,1,44.937326183846494,72,65,43,Constructive,Not Selected
22,Male,Master's,14,5,10.833361619515363,3,54,32,Moderate,Not Selected
42,Male,Bachelor's (Type 2),5,3,48.36499997100335,75,76,32,Constructive,Not Selected
36,Female,Bachelor's (Type 2),5,4,11.281074384967054,72,94,43,Constructive,Not Selected
45,Male,Bachelor's (Type 2),12,4,31.684159386437177,76,79,19,Aggressive,Selected
27,Female,Master's,4,3,12.154316726448744,47,55,35,Moderate,Not Selected
48,Female,Bachelor's (Type 2),15,1,28.283433248431734,25,43,6,Moderate,Not Selected
45,Female,Bachelor's (Type 2),2,1,35.19875649575707,76,56,31,Constructive,Not Selected
29,Male,Bachelor's (Type 2),14,2,10.511396541006878,38,5,66,Moderate,Not Selected
45,Male,Bachelor's (Type 2),4,5,27.04428913503396,91,91,38,Constructive,Not Selected
49,Female,Bachelor's (Type 2),11,5,24.45298721950595,57,31,92,Aggressive,Selected
21,Male,Master's,7,5,4.551871070167062,18,73,23,Aggressive,Selected
38,Male,Bachelor's (Type 2),13,2,41.91539088376515,87,17,85,Moderate,Not Selected
28,Female,Bachelor's (Type 1),1,5,17.784120032142084,82,67,69,Moderate,Not Selected
26,Female,Master's,15,3,29.729109877593977,76,72,87,Aggressive,Selected
23,Male,Bachelor's (Type 1),5,2,26.73921174665672,76,6,86,Moderate,Not Selected
45,Female,PhD,8,3,26.663025228522116,57,7,53,Aggressive,Selected
40,Male,Bachelor's (Type 1),7,2,6.361119710424372,27,63,37,Moderate,Not Selected
37,Male,Bachelor's (Type 2),13,5,22.17410046246664,65,6,73,Constructive,Not Selected
32,Male,Bachelor's (Type 1),10,3,23.61833796032851,9,40,79,Constructive,Not Selected
30,Male,PhD,7,3,37.68214201822242,85,39,74,Moderate,Selected
48,Female,Bachelor's (Type 2),7,3,43.00094159603493,76,2,31,Moderate,Not Selected
43,Female,Bachelor's (Type 1),14,2,28.2491139050009,57,16,44,Moderate,Not Selected
23,Female,Bachelor's (Type 2),12,4,5.339147703249524,72,65,60,Aggressive,Selected
44,Female,Bachelor's (Type 1),6,5,12.842473529827313,96,78,69,Moderate,Selected
40,Male,Bachelor's (Type 1),7,3,9.246701342636554,13,92,87,Aggressive,Selected
48,Male,PhD,12,4,7.230753159456237,83,51,96,Constructive,Selected
44,Female,Bachelor's (Type 2),5,5,19.29496493089038,14,21,52,Constructive,Not Selected
23,Male,Master's,1,5,12.469675107719102,95,3,50,Moderate,Not Selected
29,Male,Bachelor's (Type 2),1,3,11.915155590575615,32,5,75,Moderate,Not Selected
24,Male,Bachelor's (Type 2),7,3,3.734658728813383,16,37,55,Aggressive,Not Selected
28,Female,Bachelor's (Type 1),10,2,1.883502239771694,23,25,26,Moderate,Not Selected
43,Female,Bachelor's (Type 2),0,4,6.13841213248909,29,10,37,Moderate,Not Selected
22,Female,Master's,5,4,9.609873971181653,61,89,61,Moderate,Not Selected
36,Male,PhD,12,3,22.54918644241016,12,16,17,Aggressive,Selected
22,Female,Bachelor's (Type 2),15,5,26.526013064942237,61,87,63,Constructive,Not Selected
35,Female,Bachelor's (Type 2),5,3,8.029595908668279,46,91,76,Moderate,Not Selected
23,Female,Bachelor's (Type 2),15,5,22.239167076209316,15,98,29,Constructive,Not Selected
37,Female,PhD,10,5,18.08744211629637,65,30,48,Constructive,Not Selected
36,Female,Bachelor's (Type 2),3,3,10.1711821748978,80,76,40,Constructive,Not Selected
26,Female,Bachelor's (Type 2),11,1,1.3420374074181776,95,34,12,Aggressive,Selected
43,Male,Master's,10,4,24.350893326087085,42,15,33,Aggressive,Selected
42,Male,Bachelor's (Type 1),12,5,35.282587463259965,7,78,99,Moderate,Not Selected
49,Female,Bachelor's (Type 1),14,5,12.313866707190352,2,17,93,Aggressive,Selected
24,Female,Bachelor's (Type 2),10,1,7.590341494833968,11,100,24,Moderate,Not Selected
31,Male,PhD,15,2,45.35213722234809,83,61,65,Moderate,Selected
36,Male,Bachelor's (Type 2),12,1,14.751238624389888,15,26,99,Moderate,Not Selected
42,Female,Bachelor's (Type 2),9,1,12.180630989633238,77,34,17,Aggressive,Selected
32,Female,Bachelor's (Type 2),2,5,43.85484698049579,79,44,4,Constructive,Not Selected
42,Female,Bachelor's (Type 2),12,4,41.85535495833806,58,34,18,Aggressive,Not Selected
44,Female,Bachelor's (Type 2),10,1,23.41732352623168,48,27,41,Moderate,Not Selected
22,Male,Bachelor's (Type 2),2,2,25.461943071388724,62,8,17,Moderate,Not Selected
28,Female,Bachelor's (Type 2),14,3,11.887435241701098,61,75,31,Moderate,Not Selected
49,Female,Bachelor's (Type 2),14,1,4.9150835239778745,48,14,20,Moderate,Not Selected
36,Female,Bachelor's (Type 2),15,1,29.67159126778305,50,20,9,Aggressive,Not Selected
36,Female,Bachelor's (Type 2),12,2,5.917246079510656,32,51,36,Moderate,Not Selected
49,Male,Master's,12,4,23.46372734783249,29,34,48,Aggressive,Selected
39,Male,Bachelor's (Type 1),0,1,48.02485992565054,58,96,85,Aggressive,Selected
35,Male,Master's,2,1,48.64171945852922,75,50,12,Moderate,Not Selected
44,Female,Master's,3,4,12.96661432736793,14,82,54,Moderate,Not Selected
41,Female,Bachelor's (Type 2),10,2,32.20567100228272,81,54,16,Moderate,Not Selected
32,Male,Bachelor's (Type 2),10,1,24.703813205392883,91,86,8,Moderate,Not Selected
46,Female,Bachelor's (Type 2),4,4,44.7842563793053,22,76,87,Constructive,Not Selected
38,Female,Bachelor's (Type 2),2,1,14.57154321380266,77,43,43,Constructive,Not Selected
36,Male,Bachelor's (Type 2),5,3,1.1851203416208425,93,64,77,Moderate,Not Selected
23,Male,Bachelor's (Type 1),10,5,9.128060296570755,96,92,45,Aggressive,Selected
31,Male,Bachelor's (Type 2),13,3,18.476140058469905,44,87,7,Moderate,Not Selected
48,Male,Master's,14,1,16.78605648852443,61,79,36,Aggressive,Selected
28,Female,Bachelor's (Type 2),11,2,40.5681459561443,78,24,18,Moderate,Not Selected
38,Female,Master's,15,5,35.02803330694189,70,86,62,Moderate,Selected
31,Male,Bachelor's (Type 2),4,3,15.977815980744865,14,91,91,Moderate,Not Selected
28,Female,Master's,2,4,23.887190858310667,45,46,45,Moderate,Not Selected
26,Male,Bachelor's (Type 2),5,2,5.777955197916761,63,79,93,Aggressive,Selected
47,Male,Bachelor's (Type 1),5,3,45.90732224100504,45,55,70,Moderate,Not Selected
33,Female,Bachelor's (Type 2),14,4,47.77124122242671,55,37,25,Moderate,Not Selected
50,Male,Bachelor's (Type 1),13,1,49.9901767690469,43,10,45,Moderate,Not Selected
39,Female,Bachelor's (Type 2),7,4,44.42764153929188,74,66,45,Moderate,Not Selected
38,Female,PhD,1,3,9.698044384811276,28,14,74,Moderate,Not Selected
45,Female,Bachelor's (Type 1),0,3,3.3098241600814418,94,0,13,Moderate,Not Selected
34,Female,Bachelor's (Type 2),15,1,29.9798363706337,61,6,84,Moderate,Not Selected
35,Male,Master's,3,4,46.63025134415552,88,0,62,Aggressive,Selected
40,Female,Master's,15,4,9.867568082987145,51,48,71,Aggressive,Selected
24,Male,Bachelor's (Type 2),6,1,1.352145731207093,53,95,2,Moderate,Not Selected
22,Male,Bachelor's (Type 2),14,4,41.27480230161222,87,72,27,Aggressive,Selected
31,Male,Bachelor's (Type 2),15,1,4.8397842143367,56,28,28,Moderate,Not Selected
44,Male,Bachelor's (Type 2),10,2,21.68530159550152,82,25,86,Moderate,Not Selected
39,Female,Master's,9,3,34.94436685943925,65,86,17,Constructive,Not Selected
46,Female,PhD,2,2,12.839879272809007,21,44,34,Constructive,Not Selected
40,Male,Master's,2,5,5.198128172336335,19,92,76,Aggressive,Selected
23,Male,Master's,15,5,39.50106142279143,32,96,75,Constructive,Selected
40,Female,Bachelor's (Type 1),4,5,32.50875424435208,71,70,46,Moderate,Not Selected
42,Male,Master's,4,1,50.42452422434024,24,11,4,Moderate,Not Selected
35,Female,Master's,12,4,18.21540166599797,45,94,74,Aggressive,Selected
44,Male,Bachelor's (Type 1),9,2,4.088119314509985,72,31,58,Constructive,Not Selected
26,Female,Master's,2,2,37.71750176676479,97,19,74,Aggressive,Selected
32,Male,Bachelor's (Type 2),8,2,27.08667094266228,56,50,58,Constructive,Not Selected
40,Male,Bachelor's (Type 2),3,2,11.660196569456753,86,80,46,Aggressive,Selected
29,Female,Master's,12,5,40.08644945023797,4,35,94,Moderate,Not Selected
45,Male,Bachelor's (Type 2),12,2,11.187774292497188,54,66,94,Moderate,Not Selected
26,Male,Bachelor's (Type 1),14,4,14.03308274164683,60,0,12,Aggressive,Not Selected
33,Female,Bachelor's (Type 2),2,5,5.6264277183359575,88,26,77,Aggressive,Selected
50,Male,Bachelor's (Type 2),10,2,20.97161395154272,7,39,88,Moderate,Not Selected
45,Female,PhD,1,1,21.946461196870946,15,96,32,Aggressive,Selected
24,Female,Bachelor's (Type 2),9,3,26.72808951741492,47,83,96,Moderate,Not Selected
22,Male,Bachelor's (Type 2),12,3,36.44821335618887,60,13,61,Moderate,Not Selected
42,Male,Master's,10,3,46.30504643402129,14,99,78,Constructive,Selected
48,Male,Bachelor's (Type 2),8,5,7.886704944390432,64,68,15,Moderate,Not Selected
30,Male,Bachelor's (Type 2),3,2,3.717404917432853,21,86,43,Aggressive,Not Selected
30,Male,Bachelor's (Type 2),15,5,1.9265616797166645,2,78,57,Moderate,Not Selected
37,Male,Master's,2,4,8.181068903440814,53,5,5,Aggressive,Not Selected
34,Male,Bachelor's (Type 2),6,1,33.897474289081295,13,32,88,Constructive,Not Selected
31,Female,Bachelor's (Type 2),7,1,37.37385389982483,35,54,14,Constructive,Not Selected
28,Male,Bachelor's (Type 1),10,3,40.32528567640611,81,18,3,Moderate,Not Selected
29,Female,Bachelor's (Type 1),13,3,13.185410595217132,81,76,55,Aggressive,Selected
45,Male,Bachelor's (Type 1),1,3,16.294740663075995,66,28,63,Constructive,Not Selected
31,Male,Bachelor's (Type 1),6,2,25.156732278274973,9,60,67,Constructive,Not Selected
36,Female,Bachelor's (Type 2),11,4,4.159154843011325,48,69,93,Constructive,Not Selected
48,Male,Master's,4,4,31.557076160562307,64,78,33,Constructive,Not Selected
25,Male,Bachelor's (Type 2),14,4,50.18675168378789,90,79,90,Moderate,Selected
26,Female,Master's,10,4,19.040315568900127,56,23,94,Aggressive,Selected
33,Male,PhD,4,3,38.6423737545692,26,22,55,Moderate,Not Selected
32,Male,Master's,2,1,26.0016957784804,74,9,31,Moderate,Not Selected
27,Male,Bachelor's (Type 2),4,3,7.390592218019137,4,53,8,Moderate,Not Selected
29,Female,Bachelor's (Type 2),11,4,30.11187244012932,70,40,62,Moderate,Not Selected
28,Male,Bachelor's (Type 2),1,3,15.993713422203248,82,48,71,Aggressive,Selected
37,Male,Bachelor's (Type 1),3,4,2.720160422672912,56,16,77,Moderate,Not Selected
46,Male,Bachelor's (Type 2),5,5,32.74648650588719,92,55,32,Moderate,Not Selected
45,Male,PhD,0,1,43.94661746623638,14,44,86,Aggressive,Selected
21,Female,Master's,9,5,18.23848834499371,98,29,20,Moderate,Not Selected
24,Female,Bachelor's (Type 2),3,2,20.51477736063853,100,43,54,Constructive,Not Selected
48,Male,Bachelor's (Type 2),5,3,45.55108414836057,75,73,75,Constructive,Not Selected
24,Male,Master's,8,2,41.680440668367794,29,54,56,Moderate,Not Selected
25,Female,Bachelor's (Type 1),13,3,36.74764117758885,19,18,1,Moderate,Not Selected
38,Female,Bachelor's (Type 2),10,5,13.439853187657397,36,28,12,Aggressive,Not Selected
27,Male,Master's,15,4,46.51083274833223,2,1,3,Moderate,Not Selected
35,Female,Bachelor's (Type 2),10,4,8.72078787696065,72,35,83,Moderate,Not Selected
32,Male,Bachelor's (Type 1),12,3,32.33852597086109,40,18,49,Moderate,Not Selected
20,Female,Bachelor's (Type 2),1,4,2.440059027325935,38,6,47,Constructive,Not Selected
41,Female,Master's,10,5,33.18599031624729,25,25,77,Moderate,Not Selected
39,Female,Bachelor's (Type 2),6,4,14.857217593667992,1,78,29,Aggressive,Selected
36,Female,Bachelor's (Type 2),5,5,23.483848859186,22,37,28,Aggressive,Not Selected
50,Male,Bachelor's (Type 2),1,2,18.263227602852652,22,2,7,Moderate,Not Selected
26,Female,Bachelor's (Type 2),7,5,9.637837812310496,84,79,11,Moderate,Not Selected
44,Female,Bachelor's (Type 2),6,1,32.09903950469371,15,65,40,Constructive,Not Selected
32,Male,Master's,10,1,45.09877775703037,8,94,25,Moderate,Not Selected
23,Female,Bachelor's (Type 1),4,1,48.95421211412017,12,91,49,Moderate,Not Selected
23,Female,Master's,11,3,10.617318157695752,27,70,1,Moderate,Not Selected
25,Male,Bachelor's (Type 1),4,3,36.86863870314867,26,93,54,Moderate,Not Selected
47,Female,Bachelor's (Type 2),6,3,34.21696833028411,50,42,55,Moderate,Not Selected
50,Male,Bachelor's (Type 1),8,5,18.168889478728627,63,61,13,Moderate,Not Selected
38,Male,Bachelor's (Type 2),10,3,1.954959967686292,51,70,5,Moderate,Not Selected
48,Male,Bachelor's (Type 2),14,2,35.48956236564331,80,99,94,Aggressive,Selected
31,Male,Bachelor's (Type 2),8,1,48.274743027975006,37,92,80,Constructive,Not Selected
41,Female,Bachelor's (Type 1),8,5,32.60600609578257,99,23,88,Moderate,Not Selected
26,Male,Bachelor's (Type 2),5,1,22.764636209381703,64,38,60,Aggressive,Not Selected
46,Female,Bachelor's (Type 1),9,3,27.257694705581414,17,67,95,Aggressive,Selected
29,Female,Master's,5,5,10.981440382995876,62,92,11,Aggressive,Selected
45,Female,PhD,2,4,38.52720818768688,50,43,12,Moderate,Not Selected
38,Female,Bachelor's (Type 2),0,2,38.32099150049245,8,4,18,Aggressive,Not Selected
26,Female,Bachelor's (Type 2),15,3,8.275865019371247,12,54,43,Aggressive,Selected
49,Female,Bachelor's (Type 2),6,3,44.89891912498295,39,92,88,Moderate,Not Selected
22,Female,Bachelor's (Type 1),3,2,14.459486973665264,54,29,94,Moderate,Not Selected
32,Female,Bachelor's (Type 2),0,2,50.11280304683074,78,28,58,Aggressive,Not Selected
32,Female,Master's,14,4,20.14515070186229,42,25,36,Moderate,Not Selected
37,Female,Bachelor's (Type 2),7,3,9.894202936724982,43,82,24,Moderate,Not Selected
47,Male,Bachelor's (Type 1),11,3,18.586005567282616,67,25,15,Constructive,Not Selected
49,Male,Master's,5,1,23.009016434859657,32,36,37,Moderate,Not Selected
45,Male,Bachelor's (Type 2),5,5,4.465388651914742,23,90,42,Aggressive,Not Selected
39,Female,Master's,1,5,29.910919061164478,35,93,86,Moderate,Not Selected
47,Male,Bachelor's (Type 2),14,1,30.881621993445016,9,52,13,Moderate,Not Selected
27,Male,Bachelor's (Type 2),0,5,37.94652276747361,99,29,5,Aggressive,Not Selected
48,Male,Bachelor's (Type 1),12,2,2.4584946145371647,19,2,88,Constructive,Not Selected
50,Female,Bachelor's (Type 1),13,5,28.061910721691508,74,42,22,Moderate,Not Selected
28,Female,PhD,13,5,3.6453716635332194,11,6,59,Constructive,Not Selected
26,Female,Bachelor's (Type 2),1,1,36.05721099833267,61,48,11,Moderate,Not Selected
20,Female,PhD,3,4,3.786399285049224,17,72,12,Moderate,Not Selected
22,Male,Bachelor's (Type 2),1,5,46.58639241708163,93,40,99,Moderate,Not Selected
32,Male,Bachelor's (Type 1),15,5,36.104128344224826,100,76,97,Moderate,Selected
47,Male,Bachelor's (Type 1),0,4,26.369488254257856,62,78,5,Moderate,Not Selected
49,Male,Bachelor's (Type 2),6,1,23.075196164058745,83,53,62,Constructive,Selected
44,Female,PhD,10,4,7.533631520663119,24,68,37,Moderate,Not Selected
50,Female,Bachelor's (Type 2),10,1,15.549969478233155,11,92,49,Constructive,Not Selected
47,Female,Bachelor's (Type 2),14,2,44.44795525104481,20,98,51,Constructive,Not Selected
36,Male,Bachelor's (Type 2),11,1,46.2226405781247,24,90,39,Constructive,Not Selected
44,Female,Bachelor's (Type 1),7,2,1.0373854185265532,10,26,7,Moderate,Not Selected
43,Female,Bachelor's (Type 2),5,2,30.706819573877564,63,7,60,Moderate,Not Selected
20,Male,Bachelor's (Type 1),3,1,36.96503045125568,72,31,7,Aggressive,Not Selected
25,Male,Master's,13,3,31.937349122880317,49,83,96,Moderate,Selected
40,Female,Bachelor's (Type 2),5,1,5.083988243317699,61,63,33,Aggressive,Not Selected
25,Female,Bachelor's (Type 2),2,5,11.886244939945112,88,9,78,Aggressive,Selected
45,Female,Bachelor's (Type 2),11,5,13.517013369069302,98,12,99,Aggressive,Selected
31,Female,Bachelor's (Type 2),7,3,42.58623156525449,95,62,59,Constructive,Not Selected
32,Female,PhD,9,2,24.159971815446024,48,92,56,Constructive,Not Selected
32,Female,Bachelor's (Type 2),13,3,25.34141059706184,13,34,98,Moderate,Not Selected
48,Male,Bachelor's (Type 1),12,5,47.74465232772543,0,60,45,Moderate,Not Selected
34,Male,Bachelor's (Type 2),12,3,32.85429444273578,80,53,21,Moderate,Not Selected
40,Male,Bachelor's (Type 1),1,1,45.93338507763319,24,7,86,Moderate,Not Selected
35,Female,Bachelor's (Type 1),4,3,23.825442767076648,58,28,39,Moderate,Not Selected
41,Male,PhD,0,2,8.471812925914712,71,94,44,Moderate,Not Selected
40,Female,Master's,5,1,47.49677970370429,68,40,54,Moderate,Not Selected
30,Female,PhD,1,4,23.935255783376917,4,29,50,Moderate,Not Selected
47,Male,Bachelor's (Type 2),3,5,10.081571093941092,98,85,85,Moderate,Not Selected
24,Female,Bachelor's (Type 2),5,5,16.11978701519611,18,20,4,Moderate,Not Selected
23,Female,Bachelor's (Type 1),9,3,3.540129484447112,22,75,94,Constructive,Not Selected
22,Male,Bachelor's (Type 2),10,1,24.415029572819257,8,10,12,Aggressive,Not Selected
38,Male,Master's,7,4,43.65640859551183,93,1,27,Moderate,Not Selected
39,Male,Bachelor's (Type 2),11,1,47.67902280033447,49,49,83,Moderate,Not Selected
44,Female,Master's,7,5,47.63011037518218,15,40,96,Aggressive,Selected
37,Male,Master's,10,1,7.261501281437337,32,65,79,Moderate,Selected
34,Male,Bachelor's (Type 1),5,4,20.102694125552848,1,97,61,Aggressive,Selected
28,Female,Bachelor's (Type 2),3,3,2.4114379825353183,13,2,92,Moderate,Not Selected
36,Male,Bachelor's (Type 2),7,2,43.75826724857364,0,79,86,Moderate,Not Selected
33,Male,Bachelor's (Type 2),12,1,18.93778810106369,89,50,23,Moderate,Not Selected
34,Male,Master's,7,2,32.555851394611736,57,67,97,Moderate,Selected
50,Female,Bachelor's (Type 2),9,5,36.74492190386443,88,86,6,Aggressive,Selected
20,Female,Bachelor's (Type 1),13,3,22.49223348715777,15,83,37,Moderate,Not Selected
40,Female,Bachelor's (Type 2),0,3,16.32211682751215,78,24,36,Aggressive,Not Selected
41,Female,PhD,15,1,49.11064550579724,89,29,67,Constructive,Selected
41,Male,Bachelor's (Type 1),3,3,49.22441125119271,46,81,97,Constructive,Not Selected
22,Female,Master's,3,1,15.471818401501096,43,10,41,Moderate,Not Selected
35,Female,Bachelor's (Type 2),6,1,24.981254837222902,79,92,85,Constructive,Selected
42,Male,Master's,15,2,49.64220793300112,13,16,4,Moderate,Not Selected
44,Male,Master's,13,3,1.243420382775161,92,25,63,Constructive,Selected
30,Male,Bachelor's (Type 2),13,1,21.63391241895746,23,22,49,Moderate,Not Selected
31,Female,Bachelor's (Type 2),10,2,6.022877484048421,54,55,86,Aggressive,Selected
29,Female,Master's,6,4,26.45789827813013,14,51,14,Constructive,Not Selected
35,Female,Bachelor's (Type 2),15,2,2.233497727024357,82,47,94,Aggressive,Selected
27,Male,Master's,12,2,21.344921569531397,71,19,72,Aggressive,Selected
25,Male,Bachelor's (Type 1),10,1,12.034953739266756,33,1,52,Aggressive,Not Selected
31,Female,Master's,14,5,27.66541812293704,1,87,24,Moderate,Not Selected
43,Male,Master's,7,5,50.79968245503498,26,30,88,Moderate,Not Selected
47,Male,PhD,15,5,41.02680525633738,73,26,84,Moderate,Selected
40,Male,Bachelor's (Type 1),10,2,43.28210458122107,98,1,8,Constructive,Not Selected
27,Female,Bachelor's (Type 2),4,1,32.763249367954046,86,77,37,Aggressive,Selected
45,Male,Bachelor's (Type 2),6,3,3.077992413612928,71,3,21,Constructive,Not Selected
47,Male,Bachelor's (Type 2),7,2,11.339883802207206,91,12,86,Constructive,Not Selected
23,Female,Bachelor's (Type 2),15,2,47.25322782235275,22,99,48,Aggressive,Selected
45,Female,Bachelor's (Type 1),14,1,19.30565589643756,67,34,67,Moderate,Not Selected
27,Male,Master's,8,4,6.181836324039779,13,71,92,Constructive,Selected
45,Male,Bachelor's (Type 2),2,2,36.1202682933101,62,65,14,Moderate,Not Selected
47,Female,Bachelor's (Type 1),2,4,15.972886196712732,92,5,64,Moderate,Not Selected
37,Female,Bachelor's (Type 2),3,4,14.442845645208584,64,30,53,Moderate,Not Selected
47,Male,Bachelor's (Type 2),4,5,50.89887277791302,67,9,29,Moderate,Not Selected
47,Male,Bachelor's (Type 1),9,1,43.90694625133272,62,20,92,Aggressive,Selected
24,Male,PhD,0,4,21.396890918392053,95,73,19,Moderate,Not Selected
28,Male,PhD,14,1,50.01306039082496,96,22,32,Aggressive,Selected
23,Female,Bachelor's (Type 2),14,5,33.50566117096068,89,2,99,Moderate,Not Selected
46,Male,Bachelor's (Type 1),6,1,38.10112259398801,80,31,85,Constructive,Not Selected
41,Male,Master's,8,2,2.5756521541105792,86,19,76,Moderate,Selected
50,Female,Bachelor's (Type 2),7,4,7.080262967402855,63,73,6,Constructive,Not Selected
36,Male,Bachelor's (Type 2),14,1,32.65425632481192,31,28,7,Moderate,Not Selected
28,Female,Bachelor's (Type 2),14,3,45.951199132474194,78,51,27,Moderate,Not Selected
20,Male,Bachelor's (Type 2),4,1,32.18718630437978,12,45,44,Moderate,Not Selected
40,Male,Bachelor's (Type 2),13,4,7.701244715949589,65,33,72,Constructive,Not Selected
39,Female,Bachelor's (Type 2),13,5,6.788002312316232,18,100,88,Moderate,Not Selected
32,Female,Bachelor's (Type 2),3,5,43.20929479120408,23,83,79,Aggressive,Selected
47,Male,PhD,11,4,7.965116935395716,87,60,73,Constructive,Selected
35,Male,Bachelor's (Type 2),6,2,27.01159802520127,10,71,10,Moderate,Not Selected
48,Male,Master's,4,2,2.8556659981151133,58,70,30,Aggressive,Selected
32,Female,Master's,6,5,5.033488369558869,85,69,11,Moderate,Selected
33,Male,Bachelor's (Type 2),11,5,34.61741338214324,14,10,94,Constructive,Not Selected
22,Female,Bachelor's (Type 2),0,4,35.459070521375835,9,81,77,Moderate,Not Selected
48,Female,Bachelor's (Type 2),0,2,18.07347033042212,40,92,50,Moderate,Not Selected
25,Male,Bachelor's (Type 2),15,5,11.780488262152238,26,88,43,Constructive,Not Selected
37,Female,Master's,9,2,41.6855135378654,59,62,95,Moderate,Selected
38,Male,Bachelor's (Type 2),13,5,11.855161473494515,72,20,49,Moderate,Not Selected
24,Male,PhD,12,1,28.101353483318984,51,2,16,Aggressive,Selected
34,Male,Bachelor's (Type 1),2,3,49.41044204314528,27,81,34,Aggressive,Not Selected
44,Male,Bachelor's (Type 1),13,1,8.39262189311919,64,87,0,Moderate,Not Selected
21,Male,Bachelor's (Type 2),10,5,48.04381337473544,16,9,28,Constructive,Not Selected
29,Female,Bachelor's (Type 2),1,3,10.144652653433432,94,26,50,Aggressive,Not Selected
43,Female,Bachelor's (Type 2),1,3,29.37216040116148,43,11,63,Moderate,Not Selected
49,Male,Bachelor's (Type 2),6,5,19.85038559793723,9,6,3,Aggressive,Not Selected
37,Male,Bachelor's (Type 2),11,5,49.2464300750913,62,16,86,Moderate,Not Selected
46,Female,Bachelor's (Type 1),9,2,14.677101450096846,100,64,27,Aggressive,Selected
32,Female,PhD,1,5,20.982900104287683,92,63,15,Aggressive,Selected
24,Female,Bachelor's (Type 2),10,4,50.14300589277102,81,25,62,Aggressive,Selected
42,Female,Master's,3,5,27.82351955942366,46,14,75,Moderate,Not Selected
43,Male,Master's,1,4,26.131505781062675,37,32,52,Moderate,Not Selected
20,Male,PhD,5,5,13.888924410199564,69,61,84,Aggressive,Selected
41,Female,Bachelor's (Type 1),7,2,36.06817801552207,75,100,16,Constructive,Not Selected
20,Male,Master's,9,4,1.718647588888882,52,46,39,Aggressive,Selected
37,Female,Bachelor's (Type 2),15,1,3.4756314851146763,77,94,12,Moderate,Not Selected
34,Male,Bachelor's (Type 2),3,4,30.967929356790137,43,34,51,Constructive,Not Selected
36,Female,Bachelor's (Type 2),14,2,18.083728690922705,73,64,57,Moderate,Not Selected
30,Male,Master's,4,4,48.66581861004803,53,71,95,Moderate,Not Selected
40,Female,Bachelor's (Type 2),3,5,46.15953453613928,19,75,36,Aggressive,Not Selected
45,Female,Master's,2,5,36.68531293383536,78,82,78,Moderate,Selected
50,Male,Bachelor's (Type 2),4,2,41.90727905639007,30,24,75,Moderate,Not Selected
44,Female,Master's,13,3,34.366592483384665,6,56,60,Constructive,Not Selected
41,Male,PhD,8,5,7.279105135508034,57,31,78,Aggressive,Selected
46,Male,Bachelor's (Type 2),7,1,39.27716848446013,9,62,33,Moderate,Not Selected
46,Female,PhD,7,2,11.50959843594232,9,11,69,Moderate,Not Selected
36,Male,Bachelor's (Type 1),7,4,17.172142755009837,38,62,16,Constructive,Not Selected
32,Male,Bachelor's (Type 1),11,4,41.96171060512101,27,76,19,Aggressive,Selected
20,Male,Bachelor's (Type 1),7,1,27.82628041967241,29,91,72,Constructive,Not Selected
21,Male,Bachelor's (Type 2),6,5,43.99703570917046,36,0,58,Moderate,Not Selected
28,Male,Bachelor's (Type 2),7,2,11.65176599216321,66,50,68,Moderate,Not Selected
22,Female,Bachelor's (Type 1),10,1,31.38892193034436,42,69,86,Aggressive,Selected
50,Male,Bachelor's (Type 1),13,5,5.189548627413081,78,7,32,Moderate,Not Selected
20,Male,PhD,15,2,33.15304967700148,84,67,77,Moderate,Selected
40,Male,Master's,7,4,39.126701888776736,51,4,16,Moderate,Not Selected
35,Male,Master's,12,2,30.246544698936084,100,88,56,Aggressive,Selected
42,Male,Master's,13,3,14.311575074940512,55,85,82,Aggressive,Selected
25,Female,Master's,7,2,2.567133442943336,75,91,96,Constructive,Selected
47,Male,Bachelor's (Type 1),11,3,6.972444198214289,67,38,0,Constructive,Not Selected
36,Female,Bachelor's (Type 2),9,2,32.11514895370131,8,22,12,Moderate,Not Selected
24,Female,Master's,6,3,47.721010842125686,91,67,26,Aggressive,Selected
50,Female,Bachelor's (Type 2),11,4,11.32672019860032,22,51,69,Moderate,Not Selected
24,Female,Bachelor's (Type 2),0,5,37.75130745525494,62,3,58,Moderate,Not Selected
25,Male,Bachelor's (Type 1),3,3,44.32255316245208,60,46,5,Constructive,Not Selected
22,Female,Bachelor's (Type 2),12,3,27.044108922375557,39,20,96,Moderate,Not Selected
40,Female,Bachelor's (Type 2),12,4,34.463289792182884,43,100,93,Constructive,Not Selected
42,Male,Bachelor's (Type 2),15,3,41.75076583380741,85,55,98,Constructive,Selected
24,Male,Bachelor's (Type 2),3,1,14.03375788702968,23,65,22,Constructive,Not Selected
40,Male,Bachelor's (Type 2),4,4,15.84478371340215,50,58,9,Aggressive,Not Selected
24,Female,Bachelor's (Type 1),9,1,1.0313758314228083,57,6,50,Aggressive,Not Selected
29,Male,Bachelor's (Type 1),5,4,49.154706544890125,89,48,18,Moderate,Not Selected
29,Male,Master's,3,3,46.87724472981724,93,15,50,Moderate,Not Selected
38,Female,Bachelor's (Type 2),14,1,39.22841318797152,32,16,91,Aggressive,Selected
36,Male,Bachelor's (Type 1),1,3,4.953801048832406,15,83,86,Aggressive,Selected
40,Male,Master's,15,4,23.375144484975408,21,86,67,Moderate,Selected
33,Male,Bachelor's (Type 2),5,3,6.094587698577641,56,97,83,Moderate,Not Selected
28,Male,Bachelor's (Type 2),14,1,1.7960133631399302,61,74,82,Moderate,Not Selected
33,Female,Bachelor's (Type 1),7,1,31.809148260629865,81,33,41,Moderate,Not Selected
20,Male,Master's,14,3,49.04147085400942,70,32,90,Moderate,Not Selected
38,Male,Bachelor's (Type 2),7,2,46.14340117160751,89,25,56,Moderate,Not Selected
32,Female,Bachelor's (Type 2),6,4,35.837740746770216,71,65,97,Aggressive,Selected
32,Male,Master's,5,4,5.832029208243571,69,62,67,Moderate,Not Selected
23,Female,Bachelor's (Type 2),1,3,14.708201883615006,29,86,37,Moderate,Not Selected
49,Male,Bachelor's (Type 2),14,2,17.002836344264548,22,40,61,Aggressive,Selected
20,Female,Bachelor's (Type 1),6,1,39.15750288727806,31,85,6,Moderate,Not Selected
36,Female,Bachelor's (Type 2),10,5,41.112458961755706,85,57,70,Moderate,Selected
27,Female,Bachelor's (Type 1),11,5,20.255306149496025,56,97,49,Moderate,Not Selected
21,Female,Bachelor's (Type 2),13,3,21.894199830880485,8,78,51,Moderate,Not Selected
47,Male,Master's,15,2,3.225451963808567,30,9,25,Moderate,Not Selected
50,Female,Bachelor's (Type 2),13,2,15.45683592093805,70,14,25,Moderate,Not Selected
27,Male,Bachelor's (Type 2),4,4,23.564258858881995,8,41,18,Constructive,Not Selected
26,Female,Bachelor's (Type 1),15,1,6.849152319262879,12,92,8,Aggressive,Selected
45,Female,Bachelor's (Type 2),5,2,23.663373037751068,57,56,60,Constructive,Not Selected
45,Female,Bachelor's (Type 2),9,5,43.658790612890016,2,86,19,Moderate,Not Selected
21,Male,Master's,7,1,30.066050986252662,34,16,49,Aggressive,Selected
41,Female,Bachelor's (Type 1),15,1,4.946492751920616,96,59,79,Aggressive,Selected
41,Male,Master's,13,3,10.583565941513717,20,8,80,Moderate,Not Selected
22,Male,Master's,7,2,24.72721750792781,63,35,21,Moderate,Not Selected
46,Male,Bachelor's (Type 2),2,3,19.0743574910906,94,72,12,Aggressive,Selected
37,Male,Master's,11,2,18.936350977304937,51,79,11,Aggressive,Selected
31,Male,Bachelor's (Type 2),15,4,27.46337240717951,33,35,9,Moderate,Not Selected
20,Male,Bachelor's (Type 2),11,3,30.21979607947287,95,47,64,Aggressive,Selected
41,Male,Bachelor's (Type 2),13,3,40.84307851380955,34,50,95,Constructive,Not Selected
31,Male,Bachelor's (Type 2),6,5,18.048328173124236,14,96,29,Moderate,Not Selected
24,Male,Bachelor's (Type 2),0,3,41.273314152029336,95,94,7,Moderate,Not Selected
49,Female,Bachelor's (Type 2),0,2,17.930561455631626,5,69,20,Moderate,Not Selected
49,Female,Bachelor's (Type 2),6,5,3.771649447061692,84,73,21,Aggressive,Selected
46,Female,Bachelor's (Type 2),14,3,28.70938255023956,96,79,17,Constructive,Not Selected
44,Female,Bachelor's (Type 1),14,3,30.395116244740727,31,67,65,Aggressive,Selected
36,Female,PhD,9,4,47.727012281093,51,21,47,Moderate,Not Selected
35,Male,Master's,8,3,37.30306630312372,82,76,43,Moderate,Selected
50,Male,Bachelor's (Type 2),6,1,46.88863262472198,96,79,8,Aggressive,Selected
34,Male,Bachelor's (Type 1),9,5,46.41736051215048,27,92,66,Moderate,Not Selected
42,Male,Master's,4,1,31.228705512912107,94,5,53,Constructive,Not Selected
34,Male,Master's,7,5,27.388103266822377,84,25,25,Moderate,Not Selected
24,Male,Master's,1,4,28.872048358179995,97,74,84,Constructive,Selected
40,Male,Bachelor's (Type 2),8,3,49.91654038386239,63,87,93,Constructive,Not Selected
33,Female,Bachelor's (Type 2),5,3,39.658384587347946,78,92,91,Moderate,Not Selected
21,Female,Bachelor's (Type 1),12,3,6.313295239619792,77,2,99,Moderate,Not Selected
30,Female,Bachelor's (Type 1),8,5,39.92142033907,18,51,25,Moderate,Not Selected
38,Female,Master's,15,3,9.526902444911292,14,73,33,Moderate,Not Selected
26,Male,Master's,1,1,23.367527450281283,5,59,7,Aggressive,Selected
25,Male,Bachelor's (Type 2),2,3,11.522983608826712,72,62,9,Constructive,Not Selected
47,Male,Master's,11,4,35.47915327666149,100,64,47,Moderate,Selected
21,Female,Bachelor's (Type 2),7,1,44.86548680965178,83,51,54,Moderate,Not Selected
25,Male,Bachelor's (Type 2),0,3,15.518094268334048,97,89,53,Moderate,Not Selected
37,Male,Bachelor's (Type 2),14,3,5.100537060409382,37,75,77,Moderate,Not Selected
21,Male,PhD,9,2,15.924654903748165,25,13,39,Constructive,Not Selected
37,Female,Bachelor's (Type 1),14,5,34.61809289660972,81,88,14,Moderate,Not Selected
49,Male,PhD,14,1,17.4380063777225,91,71,80,Aggressive,Selected
34,Female,Master's,14,2,14.905608377690172,50,67,17,Aggressive,Selected
46,Female,Bachelor's (Type 1),6,4,10.221759529213248,72,27,95,Constructive,Not Selected
38,Female,Bachelor's (Type 2),6,5,25.875821343721675,95,70,22,Moderate,Not Selected
50,Female,Master's,12,1,14.79744140785938,52,9,61,Constructive,Not Selected
21,Male,Bachelor's (Type 2),0,3,37.55051745697416,55,56,45,Aggressive,Not Selected
39,Female,PhD,15,1,4.831120099610136,58,99,86,Aggressive,Selected
44,Female,PhD,8,3,34.201651655565875,69,65,98,Aggressive,Selected
25,Male,Bachelor's (Type 2),7,5,12.878000728388493,77,89,38,Moderate,Not Selected
20,Male,Bachelor's (Type 2),3,3,25.463963052580155,91,49,14,Moderate,Not Selected
43,Female,PhD,9,4,15.30449610156303,57,13,52,Aggressive,Selected
34,Male,Bachelor's (Type 2),10,3,37.13843380053978,87,15,87,Moderate,Not Selected
47,Female,Bachelor's (Type 1),4,4,48.26535201258184,12,53,63,Moderate,Not Selected
49,Female,Bachelor's (Type 1),1,5,46.85383897349066,42,42,62,Aggressive,Not Selected
42,Female,Bachelor's (Type 2),12,5,30.171310757204555,75,41,91,Moderate,Not Selected
29,Female,PhD,15,1,24.13051516284892,50,80,79,Moderate,Selected
38,Male,Master's,8,4,41.91502547196909,18,21,15,Aggressive,Selected
36,Female,Bachelor's (Type 2),14,4,35.1663181313865,20,67,69,Aggressive,Selected
24,Male,Bachelor's (Type 1),11,2,10.178205710846644,90,18,65,Moderate,Not Selected
48,Male,Bachelor's (Type 2),11,2,42.04596068065001,82,65,12,Moderate,Not Selected
23,Male,Master's,5,2,22.444219469735508,23,38,46,Constructive,Not Selected
29,Male,Bachelor's (Type 1),2,3,10.449282998558756,25,72,8,Moderate,Not Selected
43,Female,Bachelor's (Type 2),11,2,15.089867519824622,44,18,62,Aggressive,Selected
36,Male,Bachelor's (Type 1),6,4,14.376351512417116,27,15,33,Constructive,Not Selected
29,Female,Bachelor's (Type 2),8,3,26.960348730173006,81,53,80,Constructive,Selected
36,Male,PhD,2,5,12.718504533893777,99,24,90,Moderate,Not Selected
47,Male,Bachelor's (Type 2),15,1,7.178324370078808,28,17,28,Constructive,Not Selected
39,Female,Bachelor's (Type 2),1,2,7.184542530688036,16,22,36,Moderate,Not Selected
43,Female,Bachelor's (Type 2),15,5,30.16380985695483,67,84,42,Moderate,Not Selected
24,Female,PhD,6,4,37.73796444246893,43,10,85,Moderate,Not Selected
21,Male,Bachelor's (Type 1),6,1,17.07665044191704,60,38,63,Moderate,Not Selected
25,Male,Bachelor's (Type 2),3,5,2.7325354907008537,92,67,23,Aggressive,Selected
40,Female,Bachelor's (Type 2),10,1,7.361244346850537,67,24,70,Constructive,Not Selected
21,Female,Master's,8,2,46.734728016852856,73,62,33,Constructive,Selected
32,Female,Bachelor's (Type 2),15,4,25.67718297947265,24,95,47,Moderate,Not Selected
49,Female,Bachelor's (Type 1),13,1,23.678640480758737,94,29,11,Moderate,Not Selected
30,Male,Bachelor's (Type 2),7,5,2.9024589155045457,66,44,22,Aggressive,Not Selected
30,Female,Master's,12,2,37.43185111584496,1,89,78,Aggressive,Selected
35,Female,Bachelor's (Type 1),12,2,27.403404046603946,88,60,96,Aggressive,Selected
30,Female,Master's,0,5,11.10404680432604,48,99,12,Moderate,Not Selected
38,Female,Bachelor's (Type 1),0,5,6.503688009052859,69,50,86,Constructive,Not Selected
34,Male,Bachelor's (Type 2),4,1,20.16939318159993,25,97,95,Aggressive,Selected
44,Female,Bachelor's (Type 2),5,3,42.85809820975128,71,8,44,Aggressive,Not Selected
42,Male,Master's,2,2,44.264727960051225,98,75,98,Moderate,Selected
42,Female,Bachelor's (Type 2),12,1,31.142319019781823,26,1,64,Aggressive,Selected
35,Female,Master's,8,5,37.37682136150713,88,4,46,Constructive,Not Selected
50,Male,Master's,11,1,6.757789370143518,17,61,57,Moderate,Not Selected
30,Female,Bachelor's (Type 2),9,5,30.40630327339274,53,68,4,Aggressive,Selected
41,Male,Master's,13,4,34.34828517435909,0,51,76,Aggressive,Selected
35,Male,Master's,14,5,11.03564214568961,60,85,4,Aggressive,Selected
27,Female,Bachelor's (Type 1),5,5,45.00773664551295,2,4,59,Moderate,Not Selected
23,Male,Bachelor's (Type 2),3,5,10.749836876050988,67,58,95,Aggressive,Selected
27,Male,PhD,11,3,16.67386799232252,40,67,20,Moderate,Not Selected
23,Male,Bachelor's (Type 1),6,5,32.02784235117293,36,8,23,Moderate,Not Selected
43,Male,Master's,7,2,32.917503256536534,50,92,17,Aggressive,Selected
44,Male,PhD,8,2,35.96923704936836,14,21,20,Aggressive,Selected
22,Male,Bachelor's (Type 1),12,1,6.600585653410284,7,26,53,Moderate,Not Selected
22,Male,Bachelor's (Type 2),15,3,43.47322149642777,37,9,9,Moderate,Not Selected
46,Male,Bachelor's (Type 2),10,1,27.642356614162992,82,79,23,Constructive,Not Selected
48,Female,Bachelor's (Type 2),5,2,24.566089705253415,55,60,84,Aggressive,Selected
37,Female,Bachelor's (Type 1),14,2,50.05488122567548,46,50,88,Aggressive,Selected
48,Male,Bachelor's (Type 1),5,4,38.018914847050986,89,9,59,Aggressive,Not Selected
45,Female,Bachelor's (Type 2),7,5,6.900301330968744,9,5,56,Moderate,Not Selected
38,Male,Master's,11,2,38.82695836131204,77,61,22,Moderate,Selected
38,Male,Master's,4,1,5.762446698643474,48,4,21,Constructive,Not Selected
40,Female,Bachelor's (Type 2),13,1,2.3735281256492424,40,69,67,Moderate,Not Selected
24,Male,Bachelor's (Type 1),2,5,21.18129476349485,82,62,33,Aggressive,Selected
37,Male,Bachelor's (Type 2),11,5,50.67890864096093,29,55,69,Moderate,Not Selected
47,Male,Bachelor's (Type 2),2,4,9.744196809743132,4,58,27,Constructive,Not Selected
29,Male,PhD,12,3,34.6322171763395,94,62,94,Moderate,Selected
48,Female,Master's,5,1,9.669803310305968,70,88,98,Moderate,Not Selected
41,Male,Master's,1,5,37.2393487479193,82,58,38,Constructive,Not Selected
40,Male,PhD,15,1,26.267683411891305,30,50,41,Moderate,Not Selected
25,Male,Bachelor's (Type 1),5,5,34.998585504468814,51,49,22,Moderate,Not Selected
20,Female,Master's,15,2,11.14365879571173,87,3,69,Aggressive,Selected
24,Male,Bachelor's (Type 2),12,1,38.2814166260251,97,47,79,Moderate,Not Selected
28,Female,PhD,5,2,50.780952981135336,22,31,1,Aggressive,Not Selected
31,Female,Bachelor's (Type 2),7,1,34.282525031297986,47,50,23,Moderate,Not Selected
45,Male,Master's,6,3,25.673999903643885,39,51,16,Aggressive,Selected
33,Male,Master's,7,4,47.15869943096324,5,98,64,Constructive,Selected
21,Female,Bachelor's (Type 1),13,2,1.792592111593815,37,73,69,Constructive,Not Selected
36,Male,Bachelor's (Type 2),8,5,37.496175964291055,40,33,68,Moderate,Not Selected
33,Female,Master's,5,3,45.43732584069065,99,35,59,Aggressive,Selected
45,Female,Bachelor's (Type 2),13,1,4.083729181047873,26,69,49,Aggressive,Selected
32,Male,Bachelor's (Type 2),15,2,23.503208520787908,74,42,92,Moderate,Not Selected
46,Male,Bachelor's (Type 2),2,1,11.235972697499946,68,15,11,Moderate,Not Selected
28,Female,Bachelor's (Type 1),9,1,29.325908279391506,56,58,46,Moderate,Not Selected
45,Female,Master's,2,1,33.47714793018302,16,52,66,Moderate,Not Selected
44,Female,Bachelor's (Type 2),15,4,16.131159146437753,70,18,64,Moderate,Not Selected
34,Female,Bachelor's (Type 1),10,4,23.999083483905043,90,97,26,Moderate,Not Selected
44,Male,Bachelor's (Type 2),11,5,14.966974263827977,46,88,47,Moderate,Not Selected
41,Male,Bachelor's (Type 2),0,2,19.469558222755687,78,94,87,Moderate,Not Selected
34,Male,Bachelor's (Type 1),10,3,8.97699783442118,12,40,61,Moderate,Not Selected
43,Male,Bachelor's (Type 2),14,3,45.27797217928157,10,80,43,Aggressive,Selected
49,Male,Bachelor's (Type 2),12,3,1.5005205279568214,89,46,18,Aggressive,Selected
30,Female,Bachelor's (Type 2),14,1,45.12045932218943,85,93,58,Moderate,Not Selected
50,Male,Master's,4,4,29.583943917486927,91,53,7,Aggressive,Selected
35,Male,Bachelor's (Type 2),13,2,17.582892208850875,23,54,54,Moderate,Not Selected
48,Male,Bachelor's (Type 2),3,1,37.15285627301649,92,94,46,Moderate,Not Selected
36,Male,Bachelor's (Type 2),8,4,26.38760759313321,72,18,1,Constructive,Not Selected
45,Male,Bachelor's (Type 2),14,4,25.955432905380327,3,61,93,Moderate,Not Selected
23,Female,Bachelor's (Type 2),8,2,6.5071141459483215,45,98,93,Aggressive,Selected
20,Female,Bachelor's (Type 2),14,2,20.475801297270436,17,92,38,Aggressive,Selected
27,Female,Master's,13,2,13.053217292836832,42,58,44,Constructive,Not Selected
36,Male,Bachelor's (Type 2),4,1,1.7847952798139823,79,64,31,Aggressive,Selected
22,Female,Bachelor's (Type 2),9,5,19.004981539105664,32,67,64,Moderate,Not Selected
48,Female,Master's,3,2,5.491106471280237,92,27,37,Moderate,Not Selected
39,Male,Bachelor's (Type 2),6,5,13.84150188625926,9,17,76,Moderate,Not Selected
34,Male,Bachelor's (Type 2),14,1,5.625831059154723,72,25,10,Moderate,Not Selected
34,Male,Bachelor's (Type 2),5,5,6.047081277819943,58,18,9,Moderate,Not Selected
50,Female,Bachelor's (Type 1),3,3,10.950564720759411,30,54,58,Constructive,Not Selected
43,Female,Master's,12,5,50.99246222432001,27,56,89,Aggressive,Selected
41,Male,Master's,12,2,1.1092071428624386,59,5,54,Constructive,Not Selected
33,Male,PhD,14,1,32.93363180602026,2,0,19,Moderate,Not Selected
45,Female,Bachelor's (Type 2),9,2,8.062184901327868,54,7,80,Constructive,Not Selected
47,Female,Bachelor's (Type 2),1,3,47.03140683553879,13,96,16,Aggressive,Not Selected
42,Male,Bachelor's (Type 1),0,2,5.6816446666814615,57,50,67,Aggressive,Not Selected
33,Male,Bachelor's (Type 2),3,2,48.75315935631183,88,84,4,Constructive,Not Selected
43,Female,Bachelor's (Type 2),3,2,31.546319374173898,14,87,59,Constructive,Not Selected
21,Male,PhD,12,4,1.0634038457745123,1,24,22,Moderate,Not Selected
32,Female,Bachelor's (Type 2),0,3,45.7003598958403,23,46,45,Moderate,Not Selected
45,Female,Bachelor's (Type 2),5,2,27.085590068345915,77,54,51,Constructive,Not Selected
33,Female,Bachelor's (Type 2),3,2,14.133486766524229,63,63,9,Aggressive,Not Selected
46,Female,Bachelor's (Type 2),0,2,39.36395887578151,70,82,45,Moderate,Not Selected
43,Male,Bachelor's (Type 2),0,1,47.3332776943435,99,92,27,Constructive,Not Selected
38,Male,Master's,14,4,25.18454115733969,23,9,96,Moderate,Not Selected
26,Female,Bachelor's (Type 2),12,1,16.777673722155544,26,55,42,Moderate,Not Selected
22,Female,Master's,0,4,40.44725619674634,36,11,25,Moderate,Not Selected
34,Female,Bachelor's (Type 2),7,2,35.08927488942273,93,32,54,Moderate,Not Selected
42,Female,Master's,9,3,45.43762418751362,90,70,47,Aggressive,Selected
33,Female,Master's,7,5,35.62570063805965,38,16,28,Constructive,Not Selected
30,Male,Bachelor's (Type 2),1,5,13.176416944976816,62,60,26,Moderate,Not Selected
34,Male,Bachelor's (Type 2),10,2,47.58296248795095,78,9,17,Constructive,Not Selected
47,Male,PhD,12,1,6.241787360299566,25,30,59,Constructive,Not Selected
32,Male,Bachelor's (Type 2),6,3,14.397137505342393,64,59,73,Aggressive,Selected
37,Female,PhD,13,4,27.00973038619428,3,69,68,Aggressive,Selected
45,Female,Bachelor's (Type 1),7,2,29.28710130354507,28,16,73,Moderate,Not Selected
25,Female,Bachelor's (Type 2),7,3,1.7655293313452716,0,49,20,Moderate,Not Selected
22,Female,Master's,10,3,40.028636291047,49,36,23,Moderate,Not Selected
38,Female,PhD,9,4,19.080365921269475,85,81,2,Moderate,Selected
34,Male,Bachelor's (Type 2),14,3,21.32092705010689,10,61,94,Moderate,Not Selected
44,Female,Master's,10,1,41.46847722184729,73,89,61,Aggressive,Selected
42,Male,Bachelor's (Type 2),12,1,19.964169586377228,58,79,100,Moderate,Not Selected
24,Male,Bachelor's (Type 1),6,1,3.361243824737741,61,71,1,Moderate,Not Selected
47,Male,Bachelor's (Type 2),4,3,9.821988523517517,80,87,65,Moderate,Not Selected
29,Male,Bachelor's (Type 2),0,1,48.79515861940912,35,76,41,Aggressive,Not Selected
26,Female,PhD,11,4,4.520268120125708,55,28,33,Moderate,Not Selected
44,Male,Bachelor's (Type 2),8,3,18.746560048400813,89,31,41,Aggressive,Selected
36,Male,Bachelor's (Type 2),12,5,26.15895835256723,20,87,19,Moderate,Not Selected
26,Male,Bachelor's (Type 1),15,3,25.664041366928004,12,79,96,Moderate,Not Selected
41,Female,Bachelor's (Type 2),6,4,1.1979971506071376,8,10,67,Aggressive,Selected
45,Female,Bachelor's (Type 2),1,5,26.05813657287452,10,95,44,Moderate,Not Selected
49,Female,Master's,5,3,20.18862289887046,74,5,74,Moderate,Not Selected
31,Male,Bachelor's (Type 2),1,1,49.603966773727855,69,34,41,Aggressive,Not Selected
44,Male,PhD,14,2,8.957954199691493,0,32,46,Aggressive,Selected
36,Female,PhD,0,2,18.70770983797475,69,17,4,Constructive,Not Selected
32,Male,Bachelor's (Type 2),13,1,21.974074254490983,76,36,88,Moderate,Not Selected
39,Female,PhD,6,2,20.53467685504744,85,12,48,Constructive,Not Selected
44,Female,Master's,12,2,34.291541382593124,55,73,36,Moderate,Not Selected
23,Male,Bachelor's (Type 2),15,1,11.775642877388442,30,100,33,Moderate,Not Selected
29,Male,Bachelor's (Type 1),1,1,12.053577640699592,85,89,72,Moderate,Not Selected
22,Male,Bachelor's (Type 2),12,3,37.460547425042655,36,80,69,Moderate,Not Selected
28,Male,Bachelor's (Type 2),13,3,26.01452593390898,46,63,17,Aggressive,Selected
32,Female,Master's,13,1,21.75778380286552,90,0,77,Moderate,Selected
37,Female,Bachelor's (Type 2),1,4,9.460152583862593,77,62,18,Moderate,Not Selected
34,Female,Master's,12,2,10.37636114560833,46,88,77,Aggressive,Selected
23,Female,Bachelor's (Type 2),10,3,1.5275818407950272,68,33,39,Aggressive,Not Selected
34,Female,Bachelor's (Type 1),4,2,5.571313443085462,57,9,16,Aggressive,Not Selected
41,Male,PhD,13,5,28.84193473451205,35,83,59,Moderate,Not Selected
21,Female,Bachelor's (Type 2),4,1,45.593656500420494,31,6,98,Moderate,Not Selected
34,Female,Bachelor's (Type 2),15,4,15.358238256527873,97,55,92,Constructive,Selected
27,Female,Bachelor's (Type 2),6,5,17.387361294806407,63,79,41,Aggressive,Selected
27,Male,Bachelor's (Type 1),0,5,6.7802805305756095,70,36,80,Aggressive,Not Selected
36,Male,Bachelor's (Type 2),7,5,20.431547280355137,41,28,71,Moderate,Not Selected
31,Male,Bachelor's (Type 2),2,1,2.8610852284664583,47,11,64,Constructive,Not Selected
38,Male,Bachelor's (Type 2),3,3,46.88003481309501,73,16,52,Aggressive,Not Selected
29,Female,PhD,14,1,34.65556740622643,80,47,99,Moderate,Selected
28,Female,Bachelor's (Type 2),8,3,50.53744046966094,29,83,6,Moderate,Not Selected
24,Male,Bachelor's (Type 2),3,5,45.14115813392469,20,25,4,Aggressive,Not Selected
25,Male,Bachelor's (Type 2),9,5,24.649529684907638,59,82,23,Moderate,Not Selected
39,Female,PhD,11,4,26.98425155751885,12,11,27,Aggressive,Selected
45,Female,Bachelor's (Type 1),14,3,10.528802325859692,0,20,61,Constructive,Not Selected
21,Male,Bachelor's (Type 2),4,5,24.10196714197778,64,41,16,Moderate,Not Selected
46,Male,Bachelor's (Type 1),6,2,46.15139367464058,32,60,100,Moderate,Not Selected
43,Male,Bachelor's (Type 1),15,4,3.5426711817910563,37,57,19,Moderate,Not Selected
46,Male,Master's,3,1,44.17784014991549,24,53,2,Moderate,Not Selected
32,Female,Master's,13,4,18.047390082130487,25,33,36,Moderate,Not Selected
25,Female,Bachelor's (Type 2),0,2,45.97563825481549,76,6,89,Aggressive,Selected
24,Female,Bachelor's (Type 2),8,3,48.04399531707424,58,34,14,Moderate,Not Selected
44,Male,Bachelor's (Type 2),3,1,34.5432443500953,91,14,50,Aggressive,Not Selected
20,Male,PhD,8,1,34.221189329633894,32,64,47,Moderate,Not Selected
40,Female,PhD,5,3,23.637716885437005,100,89,7,Aggressive,Selected
41,Female,Bachelor's (Type 2),14,4,42.777011227185376,40,98,12,Moderate,Not Selected
40,Female,Master's,0,5,49.08063792166416,29,24,47,Aggressive,Not Selected
25,Female,Master's,11,4,39.75409001695596,56,58,2,Constructive,Not Selected
25,Male,Bachelor's (Type 2),2,2,32.09683668783546,48,78,64,Moderate,Not Selected
42,Female,Bachelor's (Type 2),10,5,31.33964479106684,47,85,72,Moderate,Not Selected
35,Female,Bachelor's (Type 2),1,4,43.47349507918312,71,5,30,Constructive,Not Selected
23,Female,Master's,15,3,28.06018828856492,48,51,25,Moderate,Not Selected
49,Female,PhD,8,2,41.19299431244113,46,78,80,Constructive,Selected
30,Female,Master's,15,2,26.444262758712288,55,87,55,Aggressive,Selected
49,Female,Master's,14,2,4.122213748696207,64,20,33,Moderate,Not Selected
49,Female,Bachelor's (Type 2),11,5,20.19735044520776,11,70,8,Moderate,Not Selected
49,Male,Master's,0,1,23.222047883574938,68,92,61,Constructive,Not Selected
50,Male,Master's,12,5,8.08086224933086,87,95,12,Aggressive,Selected
43,Male,Bachelor's (Type 2),13,4,6.12481645946064,5,31,68,Constructive,Not Selected
42,Male,Bachelor's (Type 2),8,1,27.773247482847708,88,52,40,Moderate,Not Selected
28,Female,Master's,8,4,5.257181827804107,64,58,76,Constructive,Selected
42,Male,Bachelor's (Type 1),7,1,16.1472583945042,24,68,0,Moderate,Not Selected
22,Male,Master's,7,5,38.2298487981538,0,61,88,Aggressive,Selected
38,Female,Bachelor's (Type 1),10,2,49.22160897839904,31,3,46,Constructive,Not Selected
50,Female,Bachelor's (Type 2),13,3,36.89352902759643,2,85,3,Constructive,Not Selected
27,Male,Master's,11,2,50.63127742264352,48,17,99,Moderate,Not Selected
24,Male,Bachelor's (Type 2),0,5,35.916898563970136,18,98,62,Aggressive,Selected
23,Female,Bachelor's (Type 2),10,1,15.689723532716377,59,80,51,Aggressive,Selected
43,Male,Bachelor's (Type 2),7,2,34.60262702526809,28,55,9,Moderate,Not Selected
50,Female,Master's,9,5,36.1078382598452,49,23,27,Aggressive,Selected
25,Female,Bachelor's (Type 1),13,4,19.58634923082303,1,65,5,Moderate,Not Selected
21,Female,PhD,2,3,1.8856925304694507,72,12,26,Moderate,Not Selected
39,Female,Bachelor's (Type 1),10,2,36.15998923877434,55,61,11,Moderate,Not Selected
47,Male,PhD,6,1,2.085004763777081,16,53,61,Aggressive,Selected
30,Female,PhD,10,4,32.55940390300356,59,14,51,Moderate,Not Selected
23,Female,Bachelor's (Type 2),14,5,9.180824437127754,35,68,47,Moderate,Not Selected
34,Male,Bachelor's (Type 2),0,3,29.280176387402168,60,2,66,Moderate,Not Selected
25,Female,Bachelor's (Type 2),0,1,26.19565126903,16,36,45,Moderate,Not Selected
41,Male,Bachelor's (Type 2),15,5,1.6756821153091286,48,36,96,Moderate,Not Selected
36,Male,Bachelor's (Type 1),9,5,19.14329084975517,75,100,73,Moderate,Selected
49,Male,Bachelor's (Type 1),12,2,31.054558369815137,59,2,94,Constructive,Not Selected
43,Female,Bachelor's (Type 1),4,2,43.43032759493899,19,62,14,Moderate,Not Selected
25,Male,Bachelor's (Type 2),4,1,45.43210569182586,49,34,70,Constructive,Not Selected
38,Male,Bachelor's (Type 2),7,5,25.192498501661163,2,51,35,Moderate,Not Selected
49,Female,Bachelor's (Type 2),6,2,37.42112436497191,42,86,13,Moderate,Not Selected
44,Male,PhD,7,3,16.822728826672883,56,27,77,Aggressive,Selected
21,Male,Bachelor's (Type 2),5,3,18.10932028793287,49,93,2,Moderate,Not Selected
34,Male,Bachelor's (Type 2),5,5,10.723175959115688,67,17,66,Moderate,Not Selected
30,Male,Bachelor's (Type 2),1,2,29.097405499661964,80,35,85,Aggressive,Selected
27,Male,Master's,5,1,16.72820754636826,49,32,18,Moderate,Not Selected
45,Female,PhD,4,1,5.218544821925252,36,63,98,Aggressive,Selected
38,Male,Master's,12,1,35.25030433315894,45,25,75,Moderate,Not Selected
32,Male,PhD,15,3,36.38766038026991,41,47,53,Moderate,Not Selected
31,Female,Bachelor's (Type 1),2,2,18.99962093895289,14,39,68,Moderate,Not Selected
24,Female,Master's,5,2,4.83616997280114,32,16,9,Constructive,Not Selected
25,Female,Master's,7,3,22.31488587017129,79,39,32,Moderate,Not Selected
45,Male,Bachelor's (Type 2),8,1,23.11677290251077,10,6,12,Moderate,Not Selected
41,Female,PhD,0,1,34.43354424489465,19,56,98,Moderate,Not Selected
23,Male,Bachelor's (Type 1),2,5,16.77081956293417,23,7,50,Constructive,Not Selected
38,Male,Bachelor's (Type 2),2,4,35.129963989065274,63,55,31,Moderate,Not Selected
39,Female,Bachelor's (Type 2),10,2,44.57442708786942,79,30,74,Moderate,Not Selected
20,Female,Bachelor's (Type 2),7,2,12.874302118109991,93,58,23,Aggressive,Selected
39,Male,Master's,0,2,49.945977805994985,97,57,34,Moderate,Not Selected
36,Female,Bachelor's (Type 2),4,4,20.318406856840348,64,11,82,Aggressive,Not Selected
31,Male,Bachelor's (Type 2),2,5,14.362934257353087,87,47,69,Moderate,Not Selected
34,Female,Bachelor's (Type 2),1,4,22.075559125514527,87,30,39,Constructive,Not Selected
20,Female,Master's,14,1,5.719873795192958,72,82,53,Moderate,Selected
45,Female,Bachelor's (Type 1),7,1,7.285295325605783,85,62,43,Moderate,Not Selected
33,Male,Bachelor's (Type 2),2,2,21.72170234841657,75,73,61,Moderate,Not Selected
25,Female,PhD,6,3,39.122226096955,16,38,98,Moderate,Not Selected
24,Male,Master's,11,2,46.01561197872454,88,75,67,Moderate,Selected
49,Male,Bachelor's (Type 2),10,3,34.24089953581355,91,19,32,Moderate,Not Selected
30,Male,Master's,0,4,6.260977761908486,60,100,76,Aggressive,Selected
50,Male,Master's,5,1,34.60098810902675,14,47,55,Aggressive,Not Selected
23,Female,Master's,2,3,32.7713960351486,93,70,35,Moderate,Not Selected
32,Male,Bachelor's (Type 2),7,4,41.28819591466657,50,53,53,Moderate,Not Selected
30,Male,Bachelor's (Type 2),5,1,42.26243333260904,26,77,18,Aggressive,Not Selected
22,Female,Bachelor's (Type 2),11,3,44.41015378894895,85,74,42,Moderate,Not Selected
20,Male,Bachelor's (Type 2),1,2,21.70657572895492,73,70,11,Aggressive,Selected
25,Female,Bachelor's (Type 2),5,2,35.893219767607214,60,28,10,Aggressive,Not Selected
37,Male,Bachelor's (Type 1),6,2,14.412517946115535,57,73,69,Moderate,Not Selected
43,Female,Bachelor's (Type 2),4,4,50.966813999175216,30,92,11,Moderate,Not Selected
29,Male,Bachelor's (Type 2),2,2,9.766712068842995,90,72,90,Moderate,Not Selected
24,Female,Bachelor's (Type 2),3,5,1.5057215830417905,11,99,40,Moderate,Not Selected
42,Male,Master's,3,1,8.4404357259088,45,47,24,Constructive,Not Selected
29,Male,Bachelor's (Type 2),5,4,39.79361447720633,30,73,2,Moderate,Not Selected
31,Female,Bachelor's (Type 1),9,2,23.339183825410576,31,82,2,Aggressive,Selected
21,Female,Master's,0,1,23.375012390521416,31,55,83,Moderate,Not Selected
32,Female,Bachelor's (Type 1),10,3,48.75114598058342,98,94,27,Aggressive,Selected
27,Female,Master's,3,2,46.981745401403714,52,16,22,Constructive,Not Selected
21,Male,Master's,9,1,16.559736890200462,60,8,47,Aggressive,Selected
39,Male,Bachelor's (Type 2),12,5,11.452906439043309,45,96,66,Moderate,Not Selected
20,Female,Master's,3,3,43.424110496686986,84,33,41,Aggressive,Selected
50,Male,Bachelor's (Type 2),9,5,46.30095355221816,73,44,87,Constructive,Not Selected
24,Female,Bachelor's (Type 2),15,1,28.079846139924346,79,87,39,Moderate,Not Selected
28,Female,Bachelor's (Type 1),0,5,32.47118555585503,6,8,5,Constructive,Not Selected
36,Male,Bachelor's (Type 2),8,1,13.845714234614668,3,6,19,Aggressive,Not Selected
28,Male,PhD,3,1,41.04013439892623,90,15,10,Aggressive,Selected
30,Male,Bachelor's (Type 2),6,5,32.60612142245115,51,18,95,Aggressive,Selected
34,Male,Bachelor's (Type 2),11,1,26.17567556489983,88,5,26,Constructive,Not Selected
43,Male,Bachelor's (Type 2),13,2,4.005427803919791,30,10,20,Constructive,Not Selected
25,Male,Bachelor's (Type 2),2,1,46.79674812555768,74,75,12,Aggressive,Selected
42,Male,Bachelor's (Type 1),9,4,31.7725710192203,83,60,85,Aggressive,Selected
22,Female,Bachelor's (Type 2),11,1,10.6345547346484,35,41,34,Moderate,Not Selected
49,Female,Master's,2,4,31.31930584915264,53,12,46,Aggressive,Not Selected
50,Female,Bachelor's (Type 2),13,1,34.87316771199867,53,11,85,Aggressive,Selected
36,Female,Bachelor's (Type 2),7,1,27.288516834161275,16,84,27,Aggressive,Selected
24,Female,Bachelor's (Type 1),7,5,36.90508689780113,74,73,20,Aggressive,Selected
49,Male,Bachelor's (Type 2),10,2,30.072697396431213,29,19,17,Aggressive,Selected
47,Female,Master's,11,2,48.38847910160741,98,49,30,Aggressive,Not Selected
31,Female,Bachelor's (Type 1),0,3,3.6848539299653416,21,35,59,Moderate,Selected
37,Female,Bachelor's (Type 1),9,5,6.312285423478025,42,91,36,Constructive,Selected
33,Female,Bachelor's (Type 2),1,5,9.683581847716992,26,87,20,Moderate,Selected
40,Female,Master's,15,2,35.50855353021661,36,68,13,Moderate,Not Selected
43,Female,Bachelor's (Type 2),7,5,33.279793637490435,45,36,88,Aggressive,Selected
30,Female,Bachelor's (Type 2),0,2,45.6029430104847,34,11,90,Moderate,Selected
28,Male,Master's,14,5,37.64387264419492,3,98,59,Moderate,Selected
21,Male,Bachelor's (Type 2),11,1,26.417774378229613,79,39,22,Moderate,Not Selected
31,Female,Master's,7,2,50.59158962318151,79,53,94,Aggressive,Selected
22,Male,Master's,7,2,14.305397808464958,84,1,28,Constructive,Not Selected
22,Male,Bachelor's (Type 2),15,4,42.6595829892727,25,49,46,Aggressive,Not Selected
20,Male,Bachelor's (Type 2),1,5,22.33951860969597,99,40,29,Moderate,Not Selected
27,Male,Bachelor's (Type 1),3,5,33.43675694378671,18,44,89,Constructive,Not Selected
41,Female,Bachelor's (Type 2),5,2,37.3634235226217,80,8,83,Moderate,Selected
47,Male,PhD,11,1,32.687704359516815,44,61,37,Moderate,Not Selected
48,Male,Bachelor's (Type 2),10,1,8.025365155429665,25,85,82,Constructive,Not Selected
27,Male,Bachelor's (Type 2),8,1,23.14755053739664,21,46,26,Moderate,Selected
30,Female,Master's,14,5,29.071918896656214,57,4,88,Aggressive,Not Selected
28,Female,Bachelor's (Type 2),15,4,43.45218795892984,62,75,86,Constructive,Not Selected
24,Female,Bachelor's (Type 1),7,2,23.18228743992861,27,0,92,Aggressive,Not Selected
33,Female,Bachelor's (Type 2),11,3,46.93736524021257,64,43,14,Constructive,Not Selected
47,Female,Bachelor's (Type 2),14,4,23.018711151260533,43,21,58,Aggressive,Not Selected
49,Female,Master's,7,3,28.438992963150582,99,37,2,Moderate,Not Selected
22,Female,Bachelor's (Type 1),6,4,40.81428414714005,42,18,9,Moderate,Selected
40,Male,Bachelor's (Type 2),13,1,30.15338422110718,36,79,78,Constructive,Selected
24,Male,Bachelor's (Type 2),12,5,49.01090361914123,65,30,79,Moderate,Selected
24,Male,Bachelor's (Type 2),8,3,34.01679152570638,16,66,16,Aggressive,Selected
38,Female,Bachelor's (Type 2),14,4,27.135472703380053,39,86,82,Moderate,Not Selected
46,Female,Bachelor's (Type 2),1,5,2.179598389039793,37,41,10,Aggressive,Not Selected
33,Female,Bachelor's (Type 2),2,3,21.68664487901649,84,81,47,Moderate,Not Selected
45,Female,PhD,9,2,15.962420963008022,60,25,4,Constructive,Selected
49,Female,Bachelor's (Type 2),7,4,38.405283394374464,8,12,68,Moderate,Selected
23,Male,Bachelor's (Type 1),13,2,11.41388375767729,76,57,63,Moderate,Not Selected
44,Male,Bachelor's (Type 2),5,1,11.261004364703592,74,17,13,Aggressive,Not Selected
32,Female,Master's,9,2,10.47595216186884,60,66,49,Moderate,Selected
29,Female,Master's,8,2,7.280780657811796,79,86,25,Moderate,Selected
44,Female,Bachelor's (Type 1),9,4,16.55035018354437,15,2,71,Moderate,Selected
37,Female,PhD,3,1,45.296105722171255,1,54,68,Aggressive,Selected
27,Male,Bachelor's (Type 2),15,2,39.74642361529775,71,88,6,Moderate,Not Selected
27,Female,Bachelor's (Type 1),7,5,37.76256081533968,42,90,15,Aggressive,Selected
26,Female,Bachelor's (Type 1),9,3,40.86684028249813,41,57,54,Moderate,Selected
27,Female,Bachelor's (Type 1),2,2,14.470894466478583,76,62,77,Aggressive,Not Selected
33,Female,Master's,2,1,45.37208453762439,56,90,100,Constructive,Not Selected
38,Male,Bachelor's (Type 1),7,2,7.86516875708022,80,51,55,Aggressive,Not Selected
48,Female,Bachelor's (Type 1),4,3,17.817286335779098,87,88,3,Moderate,Selected
25,Female,Master's,2,1,30.337405948367145,66,23,99,Aggressive,Selected
20,Male,Bachelor's (Type 2),9,4,6.145254417100031,29,71,47,Moderate,Selected
42,Male,Bachelor's (Type 1),10,1,37.50650938882124,12,8,16,Moderate,Selected
50,Male,Bachelor's (Type 1),15,4,20.362302410173747,18,36,35,Moderate,Not Selected
34,Female,Bachelor's (Type 1),0,1,40.220283280420006,6,93,69,Aggressive,Not Selected
20,Female,Bachelor's (Type 2),14,3,25.644814279230136,8,82,79,Moderate,Selected
44,Male,Bachelor's (Type 2),2,3,10.043726221266818,82,52,92,Aggressive,Selected
36,Male,Bachelor's (Type 1),11,1,37.738090567767216,53,79,99,Aggressive,Selected
20,Male,Bachelor's (Type 1),8,2,13.607197791947176,85,23,37,Moderate,Not Selected
34,Male,Master's,4,3,25.54051506340214,81,20,100,Aggressive,Selected
42,Male,Bachelor's (Type 2),11,4,4.77666345784538,60,99,61,Aggressive,Not Selected
21,Male,Bachelor's (Type 2),9,4,31.893332720601837,86,39,47,Constructive,Selected
33,Female,Bachelor's (Type 2),14,5,34.292888310813865,1,61,9,Constructive,Not Selected
40,Female,Bachelor's (Type 2),1,4,19.93371049863918,49,69,35,Moderate,Not Selected
27,Female,Bachelor's (Type 2),6,5,48.72113901605369,74,68,28,Aggressive,Selected
27,Male,Bachelor's (Type 2),14,1,44.70844607410342,30,13,77,Aggressive,Not Selected
38,Male,Bachelor's (Type 2),1,1,36.39704578699974,32,41,3,Moderate,Not Selected
26,Male,PhD,3,1,36.682603724687134,77,49,43,Aggressive,Selected
38,Male,Bachelor's (Type 1),11,2,13.620085747107565,79,60,55,Constructive,Not Selected
25,Male,Master's,6,2,33.84076155442245,10,3,41,Aggressive,Selected
25,Male,Bachelor's (Type 1),3,5,10.910313261775984,32,71,99,Constructive,Not Selected
22,Female,Master's,6,4,8.200161195991106,6,87,12,Moderate,Not Selected
26,Female,Bachelor's (Type 2),15,4,50.97339471012901,30,74,45,Moderate,Not Selected
38,Male,Master's,6,1,32.11879657365871,47,16,81,Aggressive,Not Selected
27,Female,Bachelor's (Type 1),15,3,22.549393632859527,46,84,32,Constructive,Selected
29,Male,Bachelor's (Type 2),0,2,15.408226144197569,77,56,20,Aggressive,Selected
39,Female,Bachelor's (Type 2),5,2,31.19602218311137,91,89,79,Moderate,Selected
34,Male,Master's,8,1,3.4796754110043064,52,47,78,Constructive,Not Selected
34,Male,Bachelor's (Type 2),1,2,5.734049525239753,79,43,56,Aggressive,Not Selected
48,Female,Bachelor's (Type 2),13,1,2.6428348870198173,18,44,68,Moderate,Selected
20,Female,Bachelor's (Type 2),2,5,25.95849166313309,80,90,69,Moderate,Selected
39,Male,Bachelor's (Type 2),9,4,31.03033145935913,89,79,66,Moderate,Selected
49,Male,Bachelor's (Type 2),4,3,4.123988067891043,5,89,47,Moderate,Selected
26,Female,Bachelor's (Type 1),8,4,37.06122337494583,48,32,75,Moderate,Not Selected
46,Female,PhD,3,4,12.51975357572822,72,30,99,Moderate,Selected
23,Male,Master's,0,5,35.2600726884933,49,46,32,Moderate,Not Selected
48,Female,PhD,3,2,50.09485700176228,80,5,35,Moderate,Selected
25,Male,Bachelor's (Type 2),5,3,35.55529350269256,94,71,32,Aggressive,Not Selected
44,Male,Master's,4,2,45.159652646180426,11,70,30,Constructive,Selected
20,Male,Master's,13,4,48.40992533715337,22,33,20,Constructive,Selected
48,Male,Bachelor's (Type 2),12,1,25.337552417615772,53,52,26,Moderate,Not Selected
24,Female,Bachelor's (Type 2),0,4,36.11624897098534,68,13,90,Moderate,Not Selected
46,Female,Bachelor's (Type 2),3,2,43.598462677792085,99,15,71,Moderate,Selected
42,Female,Master's,5,4,18.830445643719305,58,42,100,Moderate,Not Selected
20,Female,Bachelor's (Type 2),12,1,14.069865828019744,35,72,61,Moderate,Selected
49,Female,Bachelor's (Type 1),14,5,48.32992863891693,2,73,95,Aggressive,Not Selected
23,Female,Bachelor's (Type 2),9,2,37.3151750184409,57,80,25,Moderate,Selected
41,Female,PhD,9,4,11.984106668791316,87,11,65,Aggressive,Selected
21,Male,Master's,13,2,23.45416963380567,54,69,11,Aggressive,Selected
29,Female,PhD,3,5,40.82258847689047,56,18,21,Moderate,Selected
24,Female,Bachelor's (Type 2),14,4,28.353149545922108,16,40,16,Moderate,Selected
46,Male,Bachelor's (Type 2),13,4,33.497604908294456,38,52,6,Moderate,Selected
29,Female,Bachelor's (Type 1),8,2,38.68841010225262,89,28,67,Moderate,Selected
20,Female,Bachelor's (Type 1),4,2,32.10045944044903,67,69,36,Constructive,Selected
41,Male,Bachelor's (Type 1),7,1,28.00396609610979,54,58,37,Moderate,Not Selected
25,Female,Bachelor's (Type 2),8,5,38.48071421938867,44,88,95,Moderate,Not Selected
32,Female,Bachelor's (Type 1),9,1,37.37815177161004,75,63,10,Aggressive,Not Selected
50,Female,Bachelor's (Type 2),4,4,32.493620009158946,0,23,0,Aggressive,Selected
34,Male,PhD,5,2,18.98947066909648,20,88,24,Moderate,Selected
23,Female,Bachelor's (Type 2),0,4,21.29060461001358,82,15,41,Moderate,Selected
32,Female,Master's,10,4,49.52192744420487,20,51,51,Moderate,Not Selected
43,Male,Bachelor's (Type 2),15,3,6.619296614576292,51,79,23,Moderate,Not Selected
39,Female,Bachelor's (Type 2),11,3,14.425245862641766,81,5,52,Moderate,Not Selected
43,Male,Bachelor's (Type 2),14,4,25.620087960216782,42,36,55,Aggressive,Not Selected
34,Male,Bachelor's (Type 1),6,2,42.836484307189295,51,84,62,Aggressive,Not Selected
48,Female,Bachelor's (Type 2),3,4,9.183783186486393,66,3,80,Constructive,Selected
27,Male,Bachelor's (Type 2),10,3,14.847730906230494,43,97,7,Moderate,Not Selected
24,Male,Bachelor's (Type 1),1,2,4.2899108897619485,31,91,58,Aggressive,Selected
48,Female,Bachelor's (Type 2),4,4,36.29926330254092,9,37,44,Moderate,Selected
34,Male,Bachelor's (Type 2),11,5,12.910471773780806,63,40,26,Moderate,Selected
